Workbook
Name breaker_info: Breakers!$B$2:$E$45
Name device_wattage: 'Device Wattages'!$A$2:$E$38
Name breaker_boxes: 'Breaker boxes'!$A$2:$C$4

Sheet Update Tracking
A1: Update Date | B1: Version | C1: Comments
A2: 6693056 | B2: 3 | C2: Added Master Bath Hot Tub (theoretically wired to 3 circuits for pump, heater, and blower) However, have not tied to its associated circuits .. And it doesn't matter much since it is no longer in use
A3: 45510 | B3: 2 | C3: Converted Named Ranges to use of Tables (for no good reason) Also cleaned up a few things and added power summary by breaker box
A5: 45300 | B5: 1 | C5: Replaced some hardcoded tables with some base tables and then references to those tables (to maintain a single source for each data tab)
A6: 45411 | B6: 0 | C6: Original Creation
A7: 45690 | B7: 4 | C7: Adding SE light switches in bonus room. Fixing for proper separation with Ceiling Fan and Ceiling Lights
A8: 46099 | B8: 5 | C8: INCOMPLETE NOTES: Waiting for electrician to complete work Fixed room quite a few things, and also noted some power values under Device Wattages (also may want to add a multiplier for some Electrical items that have things like multiple lights on one circuit. Not sure? Added Garage outlets and Bonus room ceiling lights -- Also added more Heat pumps (but they need verified power info)

Sheet Breaker Power Loads
A1: =IFERROR(__xludf.DUMMYFUNCTION("QUERY('Electrical Items'!A1:L179,""SELECT I, H, sum(K) WHERE I='Main' group by I, H order by I, H"",1)"),"Breaker Box") -> Breaker Box | B1: =IFERROR(__xludf.DUMMYFUNCTION("""COMPUTED_VALUE"""),"Breaker") -> Breaker | C1: =IFERROR(__xludf.DUMMYFUNCTION("""COMPUTED_VALUE"""),"sum Power draw") -> sum Power draw | D1: Attached Electrical Items | G1: =IFERROR(__xludf.DUMMYFUNCTION("QUERY('Electrical Items'!G1:R179,""SELECT I, H, sum(K) WHERE I='Utility Subpanel' group by I, H order by I, H"",1)"),"Breaker Box") -> Breaker Box | H1: =IFERROR(__xludf.DUMMYFUNCTION("""COMPUTED_VALUE"""),"Breaker") -> Breaker | I1: =IFERROR(__xludf.DUMMYFUNCTION("""COMPUTED_VALUE"""),"sum Power draw") -> sum Power draw | J1: Attached Electrical Items
A2: =IFERROR(__xludf.DUMMYFUNCTION("""COMPUTED_VALUE"""),"Main") -> Main | B2: =IFERROR(__xludf.DUMMYFUNCTION("""COMPUTED_VALUE"""),"M10L") -> M10L | C2: =IFERROR(__xludf.DUMMYFUNCTION("""COMPUTED_VALUE"""),2100.0) -> 2100 | D2: =IFERROR(__xludf.DUMMYFUNCTION("join("", "",filter('Electrical Items'!$F$2:$F$179,'Electrical Items'!$H$2:$H$179=B2))"),"F-Ki-O03, F-Ki-O02, F-Ki-O01, F-D-O03") -> F-Ki-O03, F-Ki-O02, F-Ki-O01, F-D-O03 | G2: =IFERROR(__xludf.DUMMYFUNCTION("""COMPUTED_VALUE"""),"Utility Subpanel") -> Utility Subpanel | H2: =IFERROR(__xludf.DUMMYFUNCTION("""COMPUTED_VALUE"""),"U10B") -> U10B | I2: =IFERROR(__xludf.DUMMYFUNCTION("""COMPUTED_VALUE"""),0.0) -> 0 | J2: =IFERROR(__xludf.DUMMYFUNCTION("join("", "",filter('Electrical Items'!$F$2:$F$179,'Electrical Items'!$H$2:$H$179=H2))"),"B-UR-O02, B-UR-O01, B-Ab-O09") -> B-UR-O02, B-UR-O01, B-Ab-O09
A3: =IFERROR(__xludf.DUMMYFUNCTION("""COMPUTED_VALUE"""),"Main") -> Main | B3: =IFERROR(__xludf.DUMMYFUNCTION("""COMPUTED_VALUE"""),"M11L") -> M11L | C3: =IFERROR(__xludf.DUMMYFUNCTION("""COMPUTED_VALUE"""),0.0) -> 0 | D3: =IFERROR(__xludf.DUMMYFUNCTION("join("", "",filter('Electrical Items'!$F$2:$F$179,'Electrical Items'!$H$2:$H$179=B3))"),"F-H-O04, F-H-O03, F-H-O02") -> F-H-O04, F-H-O03, F-H-O02 | G3: =IFERROR(__xludf.DUMMYFUNCTION("""COMPUTED_VALUE"""),"Utility Subpanel") -> Utility Subpanel | H3: =IFERROR(__xludf.DUMMYFUNCTION("""COMPUTED_VALUE"""),"U10T") -> U10T | I3: =IFERROR(__xludf.DUMMYFUNCTION("""COMPUTED_VALUE"""),2307.0) -> 2307 | J3: =IFERROR(__xludf.DUMMYFUNCTION("join("", "",filter('Electrical Items'!$F$2:$F$179,'Electrical Items'!$H$2:$H$179=H3))"),"B-UC-O02, B-UC-O01, B-UC-L01, B-S-O10, B-S-O09, B-Ab-O08, B-Ab-O07, B-Ab-O06, B-Ab-O05, B-Ab-O04, B-Ab-O03, B-Ab-O02, B-Ab-L01") -> B-UC-O02, B-UC-O01, B-UC-L01, B-S-O10, B-S-O09, B-Ab-O08, B-Ab-O07, B-Ab-O06, B-Ab-O05, B-Ab-O04, B-Ab-O03, B-Ab-O02, B-Ab-L01
A4: =IFERROR(__xludf.DUMMYFUNCTION("""COMPUTED_VALUE"""),"Main") -> Main | B4: =IFERROR(__xludf.DUMMYFUNCTION("""COMPUTED_VALUE"""),"M11R") -> M11R | C4: =IFERROR(__xludf.DUMMYFUNCTION("""COMPUTED_VALUE"""),390.0) -> 390 | D4: =IFERROR(__xludf.DUMMYFUNCTION("join("", "",filter('Electrical Items'!$F$2:$F$179,'Electrical Items'!$H$2:$H$179=B4))"),"T-BR-O07, T-BR-O06, T-BR-O05, T-BR-O04, T-BR-O03, T-BR-O02, T-BR-L01, T-BR-O01") -> T-BR-O07, T-BR-O06, T-BR-O05, T-BR-O04, T-BR-O03, T-BR-O02, T-BR-L01, T-BR-O01 | G4: =IFERROR(__xludf.DUMMYFUNCTION("""COMPUTED_VALUE"""),"Utility Subpanel") -> Utility Subpanel | H4: =IFERROR(__xludf.DUMMYFUNCTION("""COMPUTED_VALUE"""),"U12B") -> U12B | I4: =IFERROR(__xludf.DUMMYFUNCTION("""COMPUTED_VALUE"""),3110.0) -> 3110 | J4: =IFERROR(__xludf.DUMMYFUNCTION("join("", "",filter('Electrical Items'!$F$2:$F$179,'Electrical Items'!$H$2:$H$179=H4))"),"T-MB-O03, T-MB-O02, T-MB-O01, B-S-O02, B-S-O01, B-S-L01, B-Ab-O01, B-Ab-B-O01, B-Ab-B-LF01, B-Ab-B-L01") -> T-MB-O03, T-MB-O02, T-MB-O01, B-S-O02, B-S-O01, B-S-L01, B-Ab-O01, B-Ab-B-O01, B-Ab-B-LF01, B-Ab-B-L01
A5: =IFERROR(__xludf.DUMMYFUNCTION("""COMPUTED_VALUE"""),"Main") -> Main | B5: =IFERROR(__xludf.DUMMYFUNCTION("""COMPUTED_VALUE"""),"M12L") -> M12L | D5: =IFERROR(__xludf.DUMMYFUNCTION("join("", "",filter('Electrical Items'!$F$2:$F$179,'Electrical Items'!$H$2:$H$179=B5))"),"T-La-O02") -> T-La-O02 | G5: =IFERROR(__xludf.DUMMYFUNCTION("""COMPUTED_VALUE"""),"Utility Subpanel") -> Utility Subpanel | H5: =IFERROR(__xludf.DUMMYFUNCTION("""COMPUTED_VALUE"""),"U12T") -> U12T | I5: =IFERROR(__xludf.DUMMYFUNCTION("""COMPUTED_VALUE"""),150.0) -> 150 | J5: =IFERROR(__xludf.DUMMYFUNCTION("join("", "",filter('Electrical Items'!$F$2:$F$179,'Electrical Items'!$H$2:$H$179=H5))"),"F-Ki-O06, F-Ki-O05, F-Ki-O04, F-Ki-L08, B-Ab-L02") -> F-Ki-O06, F-Ki-O05, F-Ki-O04, F-Ki-L08, B-Ab-L02
A6: =IFERROR(__xludf.DUMMYFUNCTION("""COMPUTED_VALUE"""),"Main") -> Main | B6: =IFERROR(__xludf.DUMMYFUNCTION("""COMPUTED_VALUE"""),"M13L") -> M13L | C6: =IFERROR(__xludf.DUMMYFUNCTION("""COMPUTED_VALUE"""),1620.0) -> 1620 | D6: =IFERROR(__xludf.DUMMYFUNCTION("join("", "",filter('Electrical Items'!$F$2:$F$179,'Electrical Items'!$H$2:$H$179=B6))"),"F-Ki-O11, F-Ki-O10, F-Ki-O09") -> F-Ki-O11, F-Ki-O10, F-Ki-O09 | G6: =IFERROR(__xludf.DUMMYFUNCTION("""COMPUTED_VALUE"""),"Utility Subpanel") -> Utility Subpanel | H6: =IFERROR(__xludf.DUMMYFUNCTION("""COMPUTED_VALUE"""),"U2+4") -> U2+4 | I6: =IFERROR(__xludf.DUMMYFUNCTION("""COMPUTED_VALUE"""),4800.0) -> 4800 | J6: =IFERROR(__xludf.DUMMYFUNCTION("join("", "",filter('Electrical Items'!$F$2:$F$179,'Electrical Items'!$H$2:$H$179=H6))"),"B-Ab-ST") -> B-Ab-ST
A7: =IFERROR(__xludf.DUMMYFUNCTION("""COMPUTED_VALUE"""),"Main") -> Main | B7: =IFERROR(__xludf.DUMMYFUNCTION("""COMPUTED_VALUE"""),"M13R") -> M13R | C7: =IFERROR(__xludf.DUMMYFUNCTION("""COMPUTED_VALUE"""),0.0) -> 0 | D7: =IFERROR(__xludf.DUMMYFUNCTION("join("", "",filter('Electrical Items'!$F$2:$F$179,'Electrical Items'!$H$2:$H$179=B7))"),"F-PR-O03, F-PR-O02, F-PR-O01") -> F-PR-O03, F-PR-O02, F-PR-O01 | G7: =IFERROR(__xludf.DUMMYFUNCTION("""COMPUTED_VALUE"""),"Utility Subpanel") -> Utility Subpanel | H7: =IFERROR(__xludf.DUMMYFUNCTION("""COMPUTED_VALUE"""),"U6B") -> U6B | I7: =IFERROR(__xludf.DUMMYFUNCTION("""COMPUTED_VALUE"""),0.0) -> 0 | J7: =IFERROR(__xludf.DUMMYFUNCTION("join("", "",filter('Electrical Items'!$F$2:$F$179,'Electrical Items'!$H$2:$H$179=H7))"),"B-UR-O01, B-A-O02") -> B-UR-O01, B-A-O02
A8: =IFERROR(__xludf.DUMMYFUNCTION("""COMPUTED_VALUE"""),"Main") -> Main | B8: =IFERROR(__xludf.DUMMYFUNCTION("""COMPUTED_VALUE"""),"M14L") -> M14L | C8: =IFERROR(__xludf.DUMMYFUNCTION("""COMPUTED_VALUE"""),180.0) -> 180 | D8: =IFERROR(__xludf.DUMMYFUNCTION("join("", "",filter('Electrical Items'!$F$2:$F$179,'Electrical Items'!$H$2:$H$179=B8))"),"T-Ha-O01, T-Ha-L01, T-Mx-O05, T-Mx-O04, T-Mx-O03, T-Mx-O02, T-Mx-O01, T-Mx-L01, T-Th-L01") -> T-Ha-O01, T-Ha-L01, T-Mx-O05, T-Mx-O04, T-Mx-O03, T-Mx-O02, T-Mx-O01, T-Mx-L01, T-Th-L01 | G8: =IFERROR(__xludf.DUMMYFUNCTION("""COMPUTED_VALUE"""),"Utility Subpanel") -> Utility Subpanel | H8: =IFERROR(__xludf.DUMMYFUNCTION("""COMPUTED_VALUE"""),"U6T") -> U6T | I8: =IFERROR(__xludf.DUMMYFUNCTION("""COMPUTED_VALUE"""),1500.0) -> 1500 | J8: =IFERROR(__xludf.DUMMYFUNCTION("join("", "",filter('Electrical Items'!$F$2:$F$179,'Electrical Items'!$H$2:$H$179=H8))"),"B-Ab-O10, B-Ab-MW") -> B-Ab-O10, B-Ab-MW
A9: =IFERROR(__xludf.DUMMYFUNCTION("""COMPUTED_VALUE"""),"Main") -> Main | B9: =IFERROR(__xludf.DUMMYFUNCTION("""COMPUTED_VALUE"""),"M14R") -> M14R | C9: =IFERROR(__xludf.DUMMYFUNCTION("""COMPUTED_VALUE"""),610.0) -> 610 | D9: =IFERROR(__xludf.DUMMYFUNCTION("join("", "",filter('Electrical Items'!$F$2:$F$179,'Electrical Items'!$H$2:$H$179=B9))"),"T-BR-CF01, T-BR-LS01, T-BR-LS02, T-BR-L01, T-La-L01, T-Th-O05, T-Th-O04, T-Th-O03, T-Th-O02, T-Th-O01, F-Ki-LS03, F-Ki-L03") -> T-BR-CF01, T-BR-LS01, T-BR-LS02, T-BR-L01, T-La-L01, T-Th-O05, T-Th-O04, T-Th-O03, T-Th-O02, T-Th-O01, F-Ki-LS03, F-Ki-L03 | G9: =IFERROR(__xludf.DUMMYFUNCTION("""COMPUTED_VALUE"""),"Utility Subpanel") -> Utility Subpanel | H9: =IFERROR(__xludf.DUMMYFUNCTION("""COMPUTED_VALUE"""),"U8B") -> U8B | I9: =IFERROR(__xludf.DUMMYFUNCTION("""COMPUTED_VALUE"""),30.0) -> 30 | J9: =IFERROR(__xludf.DUMMYFUNCTION("join("", "",filter('Electrical Items'!$F$2:$F$179,'Electrical Items'!$H$2:$H$179=H9))"),"B-Pa-L02, B-Ab-O12") -> B-Pa-L02, B-Ab-O12
A10: =IFERROR(__xludf.DUMMYFUNCTION("""COMPUTED_VALUE"""),"Main") -> Main | B10: =IFERROR(__xludf.DUMMYFUNCTION("""COMPUTED_VALUE"""),"M15L") -> M15L | C10: =IFERROR(__xludf.DUMMYFUNCTION("""COMPUTED_VALUE"""),1330.0) -> 1330 | D10: =IFERROR(__xludf.DUMMYFUNCTION("join("", "",filter('Electrical Items'!$F$2:$F$179,'Electrical Items'!$H$2:$H$179=B10))"),"F-Ki-DW, B-UR-L01, B-Ab-F01") -> F-Ki-DW, B-UR-L01, B-Ab-F01 | G10: =IFERROR(__xludf.DUMMYFUNCTION("""COMPUTED_VALUE"""),"Utility Subpanel") -> Utility Subpanel | H10: =IFERROR(__xludf.DUMMYFUNCTION("""COMPUTED_VALUE"""),"U8T") -> U8T | I10: =IFERROR(__xludf.DUMMYFUNCTION("""COMPUTED_VALUE"""),0.0) -> 0 | J10: =IFERROR(__xludf.DUMMYFUNCTION("join("", "",filter('Electrical Items'!$F$2:$F$179,'Electrical Items'!$H$2:$H$179=H10))"),"B-Ab-O11") -> B-Ab-O11
A11: =IFERROR(__xludf.DUMMYFUNCTION("""COMPUTED_VALUE"""),"Main") -> Main | B11: =IFERROR(__xludf.DUMMYFUNCTION("""COMPUTED_VALUE"""),"M17") -> M17 | C11: =IFERROR(__xludf.DUMMYFUNCTION("""COMPUTED_VALUE"""),2938.0) -> 2938 | D11: =IFERROR(__xludf.DUMMYFUNCTION("join("", "",filter('Electrical Items'!$F$2:$F$179,'Electrical Items'!$H$2:$H$179=B11))"),"F-Po-O01, F-Po-L01, F-LR-O06, F-LR-O05, F-LR-O04, F-LR-O03, F-LR-O02, F-LR-L03, F-LR-L02, F-LR-L01, F-Ki-O08, F-Ki-L07, F-Ki-L05, F-Ki-L02, F-H-O01, F-H-L05, F-H-L04, F-GB-O02, F-GB-O01, F-GB-L01, F-D-O02, F-D-O01, F-D-L03, F-D-L02, F-D-L01, B-UR-L01, B-U"&"C-O01, B-S-O08, B-S-O07, B-S-O06, B-S-O05, B-S-O03, B-Pa-O02, B-Pa-O02, B-Pa-O01, B-Pa-L03, B-Pa-L01, B-A-O01") -> F-Po-O01, F-Po-L01, F-LR-O06, F-LR-O05, F-LR-O04, F-LR-O03, F-LR-O02, F-LR-L03, F-LR-L02, F-LR-L01, F-Ki-O08, F-Ki-L07, F-Ki-L05, F-Ki-L02, F-H-O01, F-H-L05, F-H-L04, F-GB-O02, F-GB-O01, F-GB-L01, F-D-O02, F-D-O01, F-D-L03, F-D-L02, F-D-L01, B-UR-L01, B-UC-O01, B-S-O08, B-S-O07, B-S-O06, B-S-O05, B-S-O03, B-Pa-O02, B-Pa-O02, B-Pa-O01, B-Pa-L03, B-Pa-L01, B-A-O01 | J11: =IFERROR(__xludf.DUMMYFUNCTION("join("", "",filter('Electrical Items'!$F$2:$F$179,'Electrical Items'!$H$2:$H$179=H11))"),"T-BR-HP04, B-UR-HP02, B-UC-HP01") -> T-BR-HP04, B-UR-HP02, B-UC-HP01
A12: =IFERROR(__xludf.DUMMYFUNCTION("""COMPUTED_VALUE"""),"Main") -> Main | B12: =IFERROR(__xludf.DUMMYFUNCTION("""COMPUTED_VALUE"""),"M19L") -> M19L | C12: =IFERROR(__xludf.DUMMYFUNCTION("""COMPUTED_VALUE"""),0.0) -> 0 | D12: =IFERROR(__xludf.DUMMYFUNCTION("join("", "",filter('Electrical Items'!$F$2:$F$179,'Electrical Items'!$H$2:$H$179=B12))"),"F-Ki-MW") -> F-Ki-MW
A13: =IFERROR(__xludf.DUMMYFUNCTION("""COMPUTED_VALUE"""),"Main") -> Main | B13: =IFERROR(__xludf.DUMMYFUNCTION("""COMPUTED_VALUE"""),"M19R") -> M19R | C13: =IFERROR(__xludf.DUMMYFUNCTION("""COMPUTED_VALUE"""),2221.0) -> 2221 | D13: =IFERROR(__xludf.DUMMYFUNCTION("join("", "",filter('Electrical Items'!$F$2:$F$179,'Electrical Items'!$H$2:$H$179=B13))"),"T-Ba-O01, T-Ba-L01, T-GB-O02, T-GB-O01, T-GB-L10, T-Ha-L02, T-Ma-O07, T-Ma-O06, T-Ma-O05, T-Ma-O04, T-Ma-O03, T-Ma-O02, T-Ma-O01, T-Ma-L03, T-Ma-L02, T-Ma-L01, T-Ma-F01, T-MB-LF01, T-MB-L02, T-MB-L02, T-MB-L01, T-Wi-O06, T-Wi-O05, T-Wi-O04, T-Wi-O03, T-Wi"&"-O02, T-Wi-O01, T-Wi-L02, T-Wi-L01") -> T-Ba-O01, T-Ba-L01, T-GB-O02, T-GB-O01, T-GB-L10, T-Ha-L02, T-Ma-O07, T-Ma-O06, T-Ma-O05, T-Ma-O04, T-Ma-O03, T-Ma-O02, T-Ma-O01, T-Ma-L03, T-Ma-L02, T-Ma-L01, T-Ma-F01, T-MB-LF01, T-MB-L02, T-MB-L02, T-MB-L01, T-Wi-O06, T-Wi-O05, T-Wi-O04, T-Wi-O03, T-Wi-O02, T-Wi-O01, T-Wi-L02, T-Wi-L01
A14: =IFERROR(__xludf.DUMMYFUNCTION("""COMPUTED_VALUE"""),"Main") -> Main | B14: =IFERROR(__xludf.DUMMYFUNCTION("""COMPUTED_VALUE"""),"M2+4") -> M2+4 | C14: =IFERROR(__xludf.DUMMYFUNCTION("""COMPUTED_VALUE"""),9800.0) -> 9800 | D14: =IFERROR(__xludf.DUMMYFUNCTION("join("", "",filter('Electrical Items'!$F$2:$F$179,'Electrical Items'!$H$2:$H$179=B14))"),"F-Ki-ST, F-Ki-OV") -> F-Ki-ST, F-Ki-OV
A15: =IFERROR(__xludf.DUMMYFUNCTION("""COMPUTED_VALUE"""),"Main") -> Main | B15: =IFERROR(__xludf.DUMMYFUNCTION("""COMPUTED_VALUE"""),"M20") -> M20 | C15: =IFERROR(__xludf.DUMMYFUNCTION("""COMPUTED_VALUE"""),990.0) -> 990 | D15: =IFERROR(__xludf.DUMMYFUNCTION("join("", "",filter('Electrical Items'!$F$2:$F$179,'Electrical Items'!$H$2:$H$179=B15))"),"F-PR-L02, F-PR-L01, F-LR-O09, F-LR-O08, F-LR-O07, F-LR-O01, F-Ki-L01, F-Ga-O02, F-Ga-O01, F-Ga-L01, F-Ga-O02, F-Ga-O03, F-Ga-O04") -> F-PR-L02, F-PR-L01, F-LR-O09, F-LR-O08, F-LR-O07, F-LR-O01, F-Ki-L01, F-Ga-O02, F-Ga-O01, F-Ga-L01, F-Ga-O02, F-Ga-O03, F-Ga-O04
A16: =IFERROR(__xludf.DUMMYFUNCTION("""COMPUTED_VALUE"""),"Main") -> Main | B16: =IFERROR(__xludf.DUMMYFUNCTION("""COMPUTED_VALUE"""),"M5+7") -> M5+7 | D16: =IFERROR(__xludf.DUMMYFUNCTION("join("", "",filter('Electrical Items'!$F$2:$F$179,'Electrical Items'!$H$2:$H$179=B16))"),"T-La-O01") -> T-La-O01
A17: =IFERROR(__xludf.DUMMYFUNCTION("""COMPUTED_VALUE"""),"Main") -> Main | B17: =IFERROR(__xludf.DUMMYFUNCTION("""COMPUTED_VALUE"""),"M9L") -> M9L | C17: =IFERROR(__xludf.DUMMYFUNCTION("""COMPUTED_VALUE"""),1050.0) -> 1050 | D17: =IFERROR(__xludf.DUMMYFUNCTION("join("", "",filter('Electrical Items'!$F$2:$F$179,'Electrical Items'!$H$2:$H$179=B17))"),"F-Ki-O07, F-Ki-L06, F-Ki-L04") -> F-Ki-O07, F-Ki-L06, F-Ki-L04
A20: TOTALS | B20: =countA(B2:B17) -> 16 | C20: =sum(C2:C17) -> 23229 | G20: TOTALS | H20: =countA(H2:H17) -> 9 | I20: =sum(I2:I17) -> 11897

Sheet Electrical Items
A1: Floor | B1: Floor name | C1: Room | D1: Room name | E1: Item | F1: ItemFull | G1: Item name | H1: Breaker | I1: Breaker Box | J1: Verified | K1: Power draw | L1: Attached Device 1 | M1: Power 1 | N1: Attached Device 2 | O1: Power 2 | P1: Attached Device 3 | Q1: Power 3 | R1: Attached Device 4 | S1: Power 4 | T1: Attached Device 5 | U1: Power 5 | V1: Attached Device 6 | W1: Power 6 | X1: Attached Device 7 | Y1: Power 7
A2: T | B2: {=IF(ISBLANK(A2),"",XLOOKUP(A2, FloorsTbl[Floor], FloorsTbl[Floor name]))} -> Top floor | C2: Ba | D2: {=IF(ISBLANK(C2),"",XLOOKUP(C2, RoomsTbl[Room], RoomsTbl[Room Name]))} -> Balcony | E2: O01 | F2: =IF(ISBLANK(E2),"",A2&"-"&C2&"-"&E2) -> T-Ba-O01 | G2: Outlet left | H2: M19R | I2: =IF(ISBLANK(H2),"",VLOOKUP(H2,Breakers!$B$2:$C$44,2)) -> Main | J2: =CHAR(10004) -> ✔ | K2: =+M2+O2+Q2+S2+U2+W2+Y2 -> 0 | M2: {=IF(ISBLANK(L2),"",XLOOKUP(L2, DeviceWattagesTbl[Device], DeviceWattagesTbl[Power]))} | O2: {=IF(ISBLANK(N2),"",XLOOKUP(N2, DeviceWattagesTbl[Device], DeviceWattagesTbl[Power]))} | Q2: {=IF(ISBLANK(P2),"",XLOOKUP(P2, DeviceWattagesTbl[Device], DeviceWattagesTbl[Power]))} | S2: {=IF(ISBLANK(R2),"",XLOOKUP(R2, DeviceWattagesTbl[Device], DeviceWattagesTbl[Power]))} | U2: {=IF(ISBLANK(T2),"",XLOOKUP(T2, DeviceWattagesTbl[Device], DeviceWattagesTbl[Power]))} | W2: {=IF(ISBLANK(V2),"",XLOOKUP(V2, DeviceWattagesTbl[Device], DeviceWattagesTbl[Power]))} | Y2: {=IF(ISBLANK(X2),"",XLOOKUP(X2, DeviceWattagesTbl[Device], DeviceWattagesTbl[Power]))}
A3: T | B3: {=IF(ISBLANK(A3),"",XLOOKUP(A3, FloorsTbl[Floor], FloorsTbl[Floor name]))} -> Top floor | C3: Ba | D3: {=IF(ISBLANK(C3),"",XLOOKUP(C3, RoomsTbl[Room], RoomsTbl[Room Name]))} -> Balcony | E3: L01 | F3: =IF(ISBLANK(E3),"",A3&"-"&C3&"-"&E3) -> T-Ba-L01 | G3: Light left | H3: M19R | I3: =IF(ISBLANK(H3),"",VLOOKUP(H3,Breakers!$B$2:$C$44,2)) -> Main | J3: =CHAR(10004) -> ✔ | K3: =+M3+O3+Q3+S3+U3+W3+Y3 -> 30 | L3: LED Lamp | M3: {=IF(ISBLANK(L3),"",XLOOKUP(L3, DeviceWattagesTbl[Device], DeviceWattagesTbl[Power]))} -> 30 | O3: {=IF(ISBLANK(N3),"",XLOOKUP(N3, DeviceWattagesTbl[Device], DeviceWattagesTbl[Power]))} | Q3: {=IF(ISBLANK(P3),"",XLOOKUP(P3, DeviceWattagesTbl[Device], DeviceWattagesTbl[Power]))} | S3: {=IF(ISBLANK(R3),"",XLOOKUP(R3, DeviceWattagesTbl[Device], DeviceWattagesTbl[Power]))} | U3: {=IF(ISBLANK(T3),"",XLOOKUP(T3, DeviceWattagesTbl[Device], DeviceWattagesTbl[Power]))} | W3: {=IF(ISBLANK(V3),"",XLOOKUP(V3, DeviceWattagesTbl[Device], DeviceWattagesTbl[Power]))} | Y3: {=IF(ISBLANK(X3),"",XLOOKUP(X3, DeviceWattagesTbl[Device], DeviceWattagesTbl[Power]))}
A4: T | B4: {=IF(ISBLANK(A4),"",XLOOKUP(A4, FloorsTbl[Floor], FloorsTbl[Floor name]))} -> Top floor | C4: BR | D4: {=IF(ISBLANK(C4),"",XLOOKUP(C4, RoomsTbl[Room], RoomsTbl[Room Name]))} -> Bonus Room | E4: F01 | F4: =IF(ISBLANK(E4),"",A4&"-"&C4&"-"&E4) -> T-BR-F01 | G4: Fan ceiling | H4: ? | I4: =IF(ISBLANK(H4),"",VLOOKUP(H4,Breakers!$B$2:$C$44,2)) -> ? | K4: =+M4+O4+Q4+S4+U4+W4+Y4 -> #N/A | L4: It's on Light circuit in room and currently connected to switch, which needs to be undone | M4: {=IF(ISBLANK(L4),"",XLOOKUP(L4, DeviceWattagesTbl[Device], DeviceWattagesTbl[Power]))} -> #N/A | O4: {=IF(ISBLANK(N4),"",XLOOKUP(N4, DeviceWattagesTbl[Device], DeviceWattagesTbl[Power]))} | Q4: {=IF(ISBLANK(P4),"",XLOOKUP(P4, DeviceWattagesTbl[Device], DeviceWattagesTbl[Power]))} | S4: {=IF(ISBLANK(R4),"",XLOOKUP(R4, DeviceWattagesTbl[Device], DeviceWattagesTbl[Power]))} | U4: {=IF(ISBLANK(T4),"",XLOOKUP(T4, DeviceWattagesTbl[Device], DeviceWattagesTbl[Power]))} | W4: {=IF(ISBLANK(V4),"",XLOOKUP(V4, DeviceWattagesTbl[Device], DeviceWattagesTbl[Power]))} | Y4: {=IF(ISBLANK(X4),"",XLOOKUP(X4, DeviceWattagesTbl[Device], DeviceWattagesTbl[Power]))}
A5: T | B5: {=IF(ISBLANK(A5),"",XLOOKUP(A5, FloorsTbl[Floor], FloorsTbl[Floor name]))} -> Top floor | C5: BR | D5: {=IF(ISBLANK(C5),"",XLOOKUP(C5, RoomsTbl[Room], RoomsTbl[Room Name]))} -> Bonus Room | E5: O07 | F5: =IF(ISBLANK(E5),"",A5&"-"&C5&"-"&E5) -> T-BR-O07 | G5: Outlet right back | H5: M11R | I5: =IF(ISBLANK(H5),"",VLOOKUP(H5,breaker_info,2)) -> Main | J5: =CHAR(10004) -> ✔ | K5: =+M5+O5+Q5+S5+U5+W5+Y5 -> 30 | L5: LED Lamp | M5: {=IF(ISBLANK(L5),"",XLOOKUP(L5, DeviceWattagesTbl[Device], DeviceWattagesTbl[Power]))} -> 30 | O5: {=IF(ISBLANK(N5),"",XLOOKUP(N5, DeviceWattagesTbl[Device], DeviceWattagesTbl[Power]))} | Q5: {=IF(ISBLANK(P5),"",XLOOKUP(P5, DeviceWattagesTbl[Device], DeviceWattagesTbl[Power]))} | S5: {=IF(ISBLANK(R5),"",XLOOKUP(R5, DeviceWattagesTbl[Device], DeviceWattagesTbl[Power]))} | U5: {=IF(ISBLANK(T5),"",XLOOKUP(T5, DeviceWattagesTbl[Device], DeviceWattagesTbl[Power]))} | W5: {=IF(ISBLANK(V5),"",XLOOKUP(V5, DeviceWattagesTbl[Device], DeviceWattagesTbl[Power]))} | Y5: {=IF(ISBLANK(X5),"",XLOOKUP(X5, DeviceWattagesTbl[Device], DeviceWattagesTbl[Power]))}
A6: T | B6: {=IF(ISBLANK(A6),"",XLOOKUP(A6, FloorsTbl[Floor], FloorsTbl[Floor name]))} -> Top floor | C6: BR | D6: {=IF(ISBLANK(C6),"",XLOOKUP(C6, RoomsTbl[Room], RoomsTbl[Room Name]))} -> Bonus Room | E6: O06 | F6: =IF(ISBLANK(E6),"",A6&"-"&C6&"-"&E6) -> T-BR-O06 | G6: Outlet back right | H6: M11R | I6: =IF(ISBLANK(H6),"",VLOOKUP(H6,Breakers!$B$2:$C$44,2)) -> Main | J6: =CHAR(10004) -> ✔ | K6: =+M6+O6+Q6+S6+U6+W6+Y6 -> 30 | L6: LED Lamp | M6: {=IF(ISBLANK(L6),"",XLOOKUP(L6, DeviceWattagesTbl[Device], DeviceWattagesTbl[Power]))} -> 30 | O6: {=IF(ISBLANK(N6),"",XLOOKUP(N6, DeviceWattagesTbl[Device], DeviceWattagesTbl[Power]))} | Q6: {=IF(ISBLANK(P6),"",XLOOKUP(P6, DeviceWattagesTbl[Device], DeviceWattagesTbl[Power]))} | S6: {=IF(ISBLANK(R6),"",XLOOKUP(R6, DeviceWattagesTbl[Device], DeviceWattagesTbl[Power]))} | U6: {=IF(ISBLANK(T6),"",XLOOKUP(T6, DeviceWattagesTbl[Device], DeviceWattagesTbl[Power]))} | W6: {=IF(ISBLANK(V6),"",XLOOKUP(V6, DeviceWattagesTbl[Device], DeviceWattagesTbl[Power]))} | Y6: {=IF(ISBLANK(X6),"",XLOOKUP(X6, DeviceWattagesTbl[Device], DeviceWattagesTbl[Power]))}
A7: T | B7: {=IF(ISBLANK(A7),"",XLOOKUP(A7, FloorsTbl[Floor], FloorsTbl[Floor name]))} -> Top floor | C7: BR | D7: {=IF(ISBLANK(C7),"",XLOOKUP(C7, RoomsTbl[Room], RoomsTbl[Room Name]))} -> Bonus Room | E7: O05 | F7: =IF(ISBLANK(E7),"",A7&"-"&C7&"-"&E7) -> T-BR-O05 | G7: Outlet back left | H7: M11R | I7: =IF(ISBLANK(H7),"",VLOOKUP(H7,Breakers!$B$2:$C$44,2)) -> Main | J7: =CHAR(10004) -> ✔ | K7: =+M7+O7+Q7+S7+U7+W7+Y7 -> 30 | L7: LED Lamp | M7: {=IF(ISBLANK(L7),"",XLOOKUP(L7, DeviceWattagesTbl[Device], DeviceWattagesTbl[Power]))} -> 30 | O7: {=IF(ISBLANK(N7),"",XLOOKUP(N7, DeviceWattagesTbl[Device], DeviceWattagesTbl[Power]))} | Q7: {=IF(ISBLANK(P7),"",XLOOKUP(P7, DeviceWattagesTbl[Device], DeviceWattagesTbl[Power]))} | S7: {=IF(ISBLANK(R7),"",XLOOKUP(R7, DeviceWattagesTbl[Device], DeviceWattagesTbl[Power]))} | U7: {=IF(ISBLANK(T7),"",XLOOKUP(T7, DeviceWattagesTbl[Device], DeviceWattagesTbl[Power]))} | W7: {=IF(ISBLANK(V7),"",XLOOKUP(V7, DeviceWattagesTbl[Device], DeviceWattagesTbl[Power]))} | Y7: {=IF(ISBLANK(X7),"",XLOOKUP(X7, DeviceWattagesTbl[Device], DeviceWattagesTbl[Power]))}
A8: T | B8: {=IF(ISBLANK(A8),"",XLOOKUP(A8, FloorsTbl[Floor], FloorsTbl[Floor name]))} -> Top floor | C8: BR | D8: {=IF(ISBLANK(C8),"",XLOOKUP(C8, RoomsTbl[Room], RoomsTbl[Room Name]))} -> Bonus Room | E8: O04 | F8: =IF(ISBLANK(E8),"",A8&"-"&C8&"-"&E8) -> T-BR-O04 | G8: Outlet left back | H8: M11R | I8: =IF(ISBLANK(H8),"",VLOOKUP(H8,Breakers!$B$2:$C$44,2)) -> Main | J8: =CHAR(10004) -> ✔ | K8: =+M8+O8+Q8+S8+U8+W8+Y8 -> 30 | L8: LED Lamp | M8: {=IF(ISBLANK(L8),"",XLOOKUP(L8, DeviceWattagesTbl[Device], DeviceWattagesTbl[Power]))} -> 30 | O8: {=IF(ISBLANK(N8),"",XLOOKUP(N8, DeviceWattagesTbl[Device], DeviceWattagesTbl[Power]))} | Q8: {=IF(ISBLANK(P8),"",XLOOKUP(P8, DeviceWattagesTbl[Device], DeviceWattagesTbl[Power]))} | S8: {=IF(ISBLANK(R8),"",XLOOKUP(R8, DeviceWattagesTbl[Device], DeviceWattagesTbl[Power]))} | U8: {=IF(ISBLANK(T8),"",XLOOKUP(T8, DeviceWattagesTbl[Device], DeviceWattagesTbl[Power]))} | W8: {=IF(ISBLANK(V8),"",XLOOKUP(V8, DeviceWattagesTbl[Device], DeviceWattagesTbl[Power]))} | Y8: {=IF(ISBLANK(X8),"",XLOOKUP(X8, DeviceWattagesTbl[Device], DeviceWattagesTbl[Power]))}
A9: T | B9: {=IF(ISBLANK(A9),"",XLOOKUP(A9, FloorsTbl[Floor], FloorsTbl[Floor name]))} -> Top floor | C9: BR | D9: {=IF(ISBLANK(C9),"",XLOOKUP(C9, RoomsTbl[Room], RoomsTbl[Room Name]))} -> Bonus Room | E9: O03 | F9: =IF(ISBLANK(E9),"",A9&"-"&C9&"-"&E9) -> T-BR-O03 | G9: Outlet left front | H9: M11R | I9: =IF(ISBLANK(H9),"",VLOOKUP(H9,Breakers!$B$2:$C$44,2)) -> Main | J9: =CHAR(10004) -> ✔ | K9: =+M9+O9+Q9+S9+U9+W9+Y9 -> 30 | L9: LED Lamp | M9: {=IF(ISBLANK(L9),"",XLOOKUP(L9, DeviceWattagesTbl[Device], DeviceWattagesTbl[Power]))} -> 30 | O9: {=IF(ISBLANK(N9),"",XLOOKUP(N9, DeviceWattagesTbl[Device], DeviceWattagesTbl[Power]))} | Q9: {=IF(ISBLANK(P9),"",XLOOKUP(P9, DeviceWattagesTbl[Device], DeviceWattagesTbl[Power]))} | S9: {=IF(ISBLANK(R9),"",XLOOKUP(R9, DeviceWattagesTbl[Device], DeviceWattagesTbl[Power]))} | U9: {=IF(ISBLANK(T9),"",XLOOKUP(T9, DeviceWattagesTbl[Device], DeviceWattagesTbl[Power]))} | W9: {=IF(ISBLANK(V9),"",XLOOKUP(V9, DeviceWattagesTbl[Device], DeviceWattagesTbl[Power]))} | Y9: {=IF(ISBLANK(X9),"",XLOOKUP(X9, DeviceWattagesTbl[Device], DeviceWattagesTbl[Power]))}
A10: T | B10: {=IF(ISBLANK(A10),"",XLOOKUP(A10, FloorsTbl[Floor], FloorsTbl[Floor name]))} -> Top floor | C10: BR | D10: {=IF(ISBLANK(C10),"",XLOOKUP(C10, RoomsTbl[Room], RoomsTbl[Room Name]))} -> Bonus Room | E10: O02 | F10: =IF(ISBLANK(E10),"",A10&"-"&C10&"-"&E10) -> T-BR-O02 | G10: Outlet bed center | H10: M11R | I10: =IF(ISBLANK(H10),"",VLOOKUP(H10,Breakers!$B$2:$C$44,2)) -> Main | J10: =CHAR(10004) -> ✔ | K10: =+M10+O10+Q10+S10+U10+W10+Y10 -> 30 | L10: LED Lamp | M10: {=IF(ISBLANK(L10),"",XLOOKUP(L10, DeviceWattagesTbl[Device], DeviceWattagesTbl[Power]))} -> 30 | O10: {=IF(ISBLANK(N10),"",XLOOKUP(N10, DeviceWattagesTbl[Device], DeviceWattagesTbl[Power]))} | Q10: {=IF(ISBLANK(P10),"",XLOOKUP(P10, DeviceWattagesTbl[Device], DeviceWattagesTbl[Power]))} | S10: {=IF(ISBLANK(R10),"",XLOOKUP(R10, DeviceWattagesTbl[Device], DeviceWattagesTbl[Power]))} | U10: {=IF(ISBLANK(T10),"",XLOOKUP(T10, DeviceWattagesTbl[Device], DeviceWattagesTbl[Power]))} | W10: {=IF(ISBLANK(V10),"",XLOOKUP(V10, DeviceWattagesTbl[Device], DeviceWattagesTbl[Power]))} | Y10: {=IF(ISBLANK(X10),"",XLOOKUP(X10, DeviceWattagesTbl[Device], DeviceWattagesTbl[Power]))}
A11: T | B11: {=IF(ISBLANK(A11),"",XLOOKUP(A11, FloorsTbl[Floor], FloorsTbl[Floor name]))} -> Top floor | C11: BR | D11: {=IF(ISBLANK(C11),"",XLOOKUP(C11, RoomsTbl[Room], RoomsTbl[Room Name]))} -> Bonus Room | E11: L01 | F11: =IF(ISBLANK(E11),"",A11&"-"&C11&"-"&E11) -> T-BR-L01 | G11: LED Ceiling Lights | H11: M11R | I11: =IF(ISBLANK(H11),"",VLOOKUP(H11,Breakers!$B$2:$C$44,2)) -> Main | J11: =CHAR(10004) -> ✔ | K11: =+M11+O11+Q11+S11+U11+W11+Y11 -> 180 | L11: LED Lamp | M11: {=6*IF(ISBLANK(L11),"",XLOOKUP(L11, DeviceWattagesTbl[Device], DeviceWattagesTbl[Power]))} -> 180 | O11: {=IF(ISBLANK(N11),"",XLOOKUP(N11, DeviceWattagesTbl[Device], DeviceWattagesTbl[Power]))} | Q11: {=IF(ISBLANK(P11),"",XLOOKUP(P11, DeviceWattagesTbl[Device], DeviceWattagesTbl[Power]))} | S11: {=IF(ISBLANK(R11),"",XLOOKUP(R11, DeviceWattagesTbl[Device], DeviceWattagesTbl[Power]))} | U11: {=IF(ISBLANK(T11),"",XLOOKUP(T11, DeviceWattagesTbl[Device], DeviceWattagesTbl[Power]))} | W11: {=IF(ISBLANK(V11),"",XLOOKUP(V11, DeviceWattagesTbl[Device], DeviceWattagesTbl[Power]))} | Y11: {=IF(ISBLANK(X11),"",XLOOKUP(X11, DeviceWattagesTbl[Device], DeviceWattagesTbl[Power]))}
A12: T | B12: {=IF(ISBLANK(A12),"",XLOOKUP(A12, FloorsTbl[Floor], FloorsTbl[Floor name]))} -> Top floor | C12: BR | D12: {=IF(ISBLANK(C12),"",XLOOKUP(C12, RoomsTbl[Room], RoomsTbl[Room Name]))} -> Bonus Room | E12: CF01 | F12: =IF(ISBLANK(E12),"",A12&"-"&C12&"-"&E12) -> T-BR-CF01 | G12: Ceiling Fan | H12: M14R | I12: =IF(ISBLANK(H12),"",VLOOKUP(H12,Breakers!$B$2:$C$44,2)) -> Main | J12: =CHAR(10004) -> ✔ | K12: =+M12+O12+Q12+S12+U12+W12+Y12 -> 80 | L12: Ceiling Fan | M12: {=IF(ISBLANK(L12),"",XLOOKUP(L12, DeviceWattagesTbl[Device], DeviceWattagesTbl[Power]))} -> 80 | O12: {=IF(ISBLANK(N12),"",XLOOKUP(N12, DeviceWattagesTbl[Device], DeviceWattagesTbl[Power]))} | Q12: {=IF(ISBLANK(P12),"",XLOOKUP(P12, DeviceWattagesTbl[Device], DeviceWattagesTbl[Power]))} | S12: {=IF(ISBLANK(R12),"",XLOOKUP(R12, DeviceWattagesTbl[Device], DeviceWattagesTbl[Power]))} | U12: {=IF(ISBLANK(T12),"",XLOOKUP(T12, DeviceWattagesTbl[Device], DeviceWattagesTbl[Power]))} | W12: {=IF(ISBLANK(V12),"",XLOOKUP(V12, DeviceWattagesTbl[Device], DeviceWattagesTbl[Power]))} | Y12: {=IF(ISBLANK(X12),"",XLOOKUP(X12, DeviceWattagesTbl[Device], DeviceWattagesTbl[Power]))}
A13: T | B13: {=IF(ISBLANK(A13),"",XLOOKUP(A13, FloorsTbl[Floor], FloorsTbl[Floor name]))} -> Top floor | C13: BR | D13: {=IF(ISBLANK(C13),"",XLOOKUP(C13, RoomsTbl[Room], RoomsTbl[Room Name]))} -> Bonus Room | E13: LS01 | F13: =IF(ISBLANK(E13),"",A13&"-"&C13&"-"&E13) -> T-BR-LS01 | G13: 3W Light Switch (F-Ki-LS03) - near stairwall door | H13: M14R | I13: =IF(ISBLANK(H13),"",VLOOKUP(H13,Breakers!$B$2:$C$44,2)) -> Main | J13: =CHAR(10004) -> ✔ | K13: =+M13+O13+Q13+S13+U13+W13+Y13 -> 0 | L13: Light Switch | M13: {=IF(ISBLANK(L13),"",XLOOKUP(L13, DeviceWattagesTbl[Device], DeviceWattagesTbl[Power]))} -> 0 | O13: {=IF(ISBLANK(N13),"",XLOOKUP(N13, DeviceWattagesTbl[Device], DeviceWattagesTbl[Power]))} | Q13: {=IF(ISBLANK(P13),"",XLOOKUP(P13, DeviceWattagesTbl[Device], DeviceWattagesTbl[Power]))} | S13: {=IF(ISBLANK(R13),"",XLOOKUP(R13, DeviceWattagesTbl[Device], DeviceWattagesTbl[Power]))} | U13: {=IF(ISBLANK(T13),"",XLOOKUP(T13, DeviceWattagesTbl[Device], DeviceWattagesTbl[Power]))} | W13: {=IF(ISBLANK(V13),"",XLOOKUP(V13, DeviceWattagesTbl[Device], DeviceWattagesTbl[Power]))} | Y13: {=IF(ISBLANK(X13),"",XLOOKUP(X13, DeviceWattagesTbl[Device], DeviceWattagesTbl[Power]))}
A14: T | B14: {=IF(ISBLANK(A14),"",XLOOKUP(A14, Floors!$A$2:$A$6, Floors!$B$2:$B$6))} -> Top floor | C14: BR | D14: {=IF(ISBLANK(C14),"",XLOOKUP(C14, Rooms!$A$2:$A$29, Rooms!$B$2:$B$29))} -> Bonus Room | E14: LS02 | F14: =IF(ISBLANK(E14),"",A14&"-"&C14&"-"&E14) -> T-BR-LS02 | G14: Light Switch for Ceiling Lights | H14: M14R | I14: =IF(ISBLANK(H14),"",VLOOKUP(H14,Breakers!$B$2:$C$44,2)) -> Main | J14: =CHAR(10004) -> ✔ | K14: =+M14+O14+Q14+S14+U14+W14+Y14 -> 0 | L14: Light Switch | M14: {=IF(ISBLANK(L14),"",XLOOKUP(L14, 'Device Wattages'!$A$2:$A$55, 'Device Wattages'!$E$2:$E$55))} -> 0 | O14: {=IF(ISBLANK(N14),"",XLOOKUP(N14, 'Device Wattages'!$A$2:$A$55, 'Device Wattages'!$E$2:$E$55))} | Q14: {=IF(ISBLANK(P14),"",XLOOKUP(P14, 'Device Wattages'!$A$2:$A$55, 'Device Wattages'!$E$2:$E$55))} | S14: {=IF(ISBLANK(R14),"",XLOOKUP(R14, 'Device Wattages'!$A$2:$A$55, 'Device Wattages'!$E$2:$E$55))} | U14: {=IF(ISBLANK(T14),"",XLOOKUP(T14, 'Device Wattages'!$A$2:$A$55, 'Device Wattages'!$E$2:$E$55))} | W14: {=IF(ISBLANK(V14),"",XLOOKUP(V14, 'Device Wattages'!$A$2:$A$55, 'Device Wattages'!$E$2:$E$55))} | Y14: {=IF(ISBLANK(X14),"",XLOOKUP(X14, 'Device Wattages'!$A$2:$A$55, 'Device Wattages'!$E$2:$E$55))}
A15: T | B15: {=IF(ISBLANK(A15),"",XLOOKUP(A15, Floors!$A$2:$A$6, Floors!$B$2:$B$6))} -> Top floor | C15: BR | D15: {=IF(ISBLANK(C15),"",XLOOKUP(C15, Rooms!$A$2:$A$29, Rooms!$B$2:$B$29))} -> Bonus Room | E15: HP04 | F15: =IF(ISBLANK(E15),"",A15&"-"&C15&"-"&E15) -> T-BR-HP04 | G15: Mini Split | I15: =IF(ISBLANK(H15),"",VLOOKUP(H15,Breakers!$B$2:$C$44,2)) | J15: =CHAR(10004) -> ✔ | K15: =+M15+O15+Q15+S15+U15+W15+Y15 -> 3600 | L15: Heat Pump Mini Split | M15: {=IF(ISBLANK(L15),"",XLOOKUP(L15, 'Device Wattages'!$A$2:$A$55, 'Device Wattages'!$E$2:$E$55))} -> 3600 | O15: {=IF(ISBLANK(N15),"",XLOOKUP(N15, 'Device Wattages'!$A$2:$A$55, 'Device Wattages'!$E$2:$E$55))} | Q15: {=IF(ISBLANK(P15),"",XLOOKUP(P15, 'Device Wattages'!$A$2:$A$55, 'Device Wattages'!$E$2:$E$55))} | S15: {=IF(ISBLANK(R15),"",XLOOKUP(R15, 'Device Wattages'!$A$2:$A$55, 'Device Wattages'!$E$2:$E$55))} | U15: {=IF(ISBLANK(T15),"",XLOOKUP(T15, 'Device Wattages'!$A$2:$A$55, 'Device Wattages'!$E$2:$E$55))} | W15: {=IF(ISBLANK(V15),"",XLOOKUP(V15, 'Device Wattages'!$A$2:$A$55, 'Device Wattages'!$E$2:$E$55))} | Y15: {=IF(ISBLANK(X15),"",XLOOKUP(X15, 'Device Wattages'!$A$2:$A$55, 'Device Wattages'!$E$2:$E$55))}
A16: T | B16: {=IF(ISBLANK(A16),"",XLOOKUP(A16, FloorsTbl[Floor], FloorsTbl[Floor name]))} -> Top floor | C16: BR | D16: {=IF(ISBLANK(C16),"",XLOOKUP(C16, RoomsTbl[Room], RoomsTbl[Room Name]))} -> Bonus Room | E16: O01 | F16: =IF(ISBLANK(E16),"",A16&"-"&C16&"-"&E16) -> T-BR-O01 | G16: Outlet right front | H16: M11R | I16: =IF(ISBLANK(H16),"",VLOOKUP(H16,Breakers!$B$2:$C$44,2)) -> Main | J16: =CHAR(10004) -> ✔ | K16: =+M16+O16+Q16+S16+U16+W16+Y16 -> 30 | L16: LED Lamp | M16: {=IF(ISBLANK(L16),"",XLOOKUP(L16, DeviceWattagesTbl[Device], DeviceWattagesTbl[Power]))} -> 30 | O16: {=IF(ISBLANK(N16),"",XLOOKUP(N16, DeviceWattagesTbl[Device], DeviceWattagesTbl[Power]))} | Q16: {=IF(ISBLANK(P16),"",XLOOKUP(P16, DeviceWattagesTbl[Device], DeviceWattagesTbl[Power]))} | S16: {=IF(ISBLANK(R16),"",XLOOKUP(R16, DeviceWattagesTbl[Device], DeviceWattagesTbl[Power]))} | U16: {=IF(ISBLANK(T16),"",XLOOKUP(T16, DeviceWattagesTbl[Device], DeviceWattagesTbl[Power]))} | W16: {=IF(ISBLANK(V16),"",XLOOKUP(V16, DeviceWattagesTbl[Device], DeviceWattagesTbl[Power]))} | Y16: {=IF(ISBLANK(X16),"",XLOOKUP(X16, DeviceWattagesTbl[Device], DeviceWattagesTbl[Power]))}
A17: T | B17: {=IF(ISBLANK(A17),"",XLOOKUP(A17, FloorsTbl[Floor], FloorsTbl[Floor name]))} -> Top floor | C17: La | D17: {=IF(ISBLANK(C17),"",XLOOKUP(C17, RoomsTbl[Room], RoomsTbl[Room Name]))} -> Laundry | E17: O02 | F17: =IF(ISBLANK(E17),"",A17&"-"&C17&"-"&E17) -> T-La-O02 | G17: Outlet Washer | H17: M12L | I17: =IF(ISBLANK(H17),"",VLOOKUP(H17,Breakers!$B$2:$C$44,2)) -> Main | J17: =CHAR(10004) -> ✔ | K17: =+M17+O17+Q17+S17+U17+W17+Y17 -> #N/A | L17: Washer | M17: {=IF(ISBLANK(L17),"",XLOOKUP(L17, DeviceWattagesTbl[Device], DeviceWattagesTbl[Power]))} -> #N/A | O17: {=IF(ISBLANK(N17),"",XLOOKUP(N17, DeviceWattagesTbl[Device], DeviceWattagesTbl[Power]))} | Q17: {=IF(ISBLANK(P17),"",XLOOKUP(P17, DeviceWattagesTbl[Device], DeviceWattagesTbl[Power]))} | S17: {=IF(ISBLANK(R17),"",XLOOKUP(R17, DeviceWattagesTbl[Device], DeviceWattagesTbl[Power]))} | U17: {=IF(ISBLANK(T17),"",XLOOKUP(T17, DeviceWattagesTbl[Device], DeviceWattagesTbl[Power]))} | W17: {=IF(ISBLANK(V17),"",XLOOKUP(V17, DeviceWattagesTbl[Device], DeviceWattagesTbl[Power]))} | Y17: {=IF(ISBLANK(X17),"",XLOOKUP(X17, DeviceWattagesTbl[Device], DeviceWattagesTbl[Power]))}
A18: T | B18: {=IF(ISBLANK(A18),"",XLOOKUP(A18, FloorsTbl[Floor], FloorsTbl[Floor name]))} -> Top floor | C18: Ha | D18: {=IF(ISBLANK(C18),"",XLOOKUP(C18, RoomsTbl[Room], RoomsTbl[Room Name]))} -> Hallway | E18: O01 | F18: =IF(ISBLANK(E18),"",A18&"-"&C18&"-"&E18) -> T-Ha-O01 | G18: Outlet front middle | H18: M14L | I18: =IF(ISBLANK(H18),"",VLOOKUP(H18,Breakers!$B$2:$C$44,2)) -> Main | J18: =CHAR(10004) -> ✔ | K18: =+M18+O18+Q18+S18+U18+W18+Y18 -> 0 | M18: {=IF(ISBLANK(L18),"",XLOOKUP(L18, DeviceWattagesTbl[Device], DeviceWattagesTbl[Power]))} | O18: {=IF(ISBLANK(N18),"",XLOOKUP(N18, DeviceWattagesTbl[Device], DeviceWattagesTbl[Power]))} | Q18: {=IF(ISBLANK(P18),"",XLOOKUP(P18, DeviceWattagesTbl[Device], DeviceWattagesTbl[Power]))} | S18: {=IF(ISBLANK(R18),"",XLOOKUP(R18, DeviceWattagesTbl[Device], DeviceWattagesTbl[Power]))} | U18: {=IF(ISBLANK(T18),"",XLOOKUP(T18, DeviceWattagesTbl[Device], DeviceWattagesTbl[Power]))} | W18: {=IF(ISBLANK(V18),"",XLOOKUP(V18, DeviceWattagesTbl[Device], DeviceWattagesTbl[Power]))} | Y18: {=IF(ISBLANK(X18),"",XLOOKUP(X18, DeviceWattagesTbl[Device], DeviceWattagesTbl[Power]))}
A19: T | B19: {=IF(ISBLANK(A19),"",XLOOKUP(A19, FloorsTbl[Floor], FloorsTbl[Floor name]))} -> Top floor | C19: Ha | D19: {=IF(ISBLANK(C19),"",XLOOKUP(C19, RoomsTbl[Room], RoomsTbl[Room Name]))} -> Hallway | E19: L01 | F19: =IF(ISBLANK(E19),"",A19&"-"&C19&"-"&E19) -> T-Ha-L01 | G19: Lights track | H19: M14L | I19: =IF(ISBLANK(H19),"",VLOOKUP(H19,Breakers!$B$2:$C$44,2)) -> Main | J19: =CHAR(10004) -> ✔ | K19: =+M19+O19+Q19+S19+U19+W19+Y19 -> 90 | L19: LED Lamp | M19: {=IF(ISBLANK(L19),"",XLOOKUP(L19, DeviceWattagesTbl[Device], DeviceWattagesTbl[Power]))} -> 30 | N19: LED Lamp | O19: {=IF(ISBLANK(N19),"",XLOOKUP(N19, DeviceWattagesTbl[Device], DeviceWattagesTbl[Power]))} -> 30 | P19: LED Lamp | Q19: {=IF(ISBLANK(P19),"",XLOOKUP(P19, DeviceWattagesTbl[Device], DeviceWattagesTbl[Power]))} -> 30 | S19: {=IF(ISBLANK(R19),"",XLOOKUP(R19, DeviceWattagesTbl[Device], DeviceWattagesTbl[Power]))} | U19: {=IF(ISBLANK(T19),"",XLOOKUP(T19, DeviceWattagesTbl[Device], DeviceWattagesTbl[Power]))} | W19: {=IF(ISBLANK(V19),"",XLOOKUP(V19, DeviceWattagesTbl[Device], DeviceWattagesTbl[Power]))} | Y19: {=IF(ISBLANK(X19),"",XLOOKUP(X19, DeviceWattagesTbl[Device], DeviceWattagesTbl[Power]))}
A20: T | B20: {=IF(ISBLANK(A20),"",XLOOKUP(A20, FloorsTbl[Floor], FloorsTbl[Floor name]))} -> Top floor | C20: Mx | D20: {=IF(ISBLANK(C20),"",XLOOKUP(C20, RoomsTbl[Room], RoomsTbl[Room Name]))} -> Max's bedroom | E20: O05 | F20: =IF(ISBLANK(E20),"",A20&"-"&C20&"-"&E20) -> T-Mx-O05 | G20: Outlet right | H20: M14L | I20: {=IF(ISBLANK(H20),"",XLOOKUP(H20, BreakersTbl[Breaker Name], BreakersTbl[Breaker Box Name]))} -> Main | J20: =CHAR(10004) -> ✔ | K20: =+M20+O20+Q20+S20+U20+W20+Y20 -> 0 | M20: {=IF(ISBLANK(L20),"",XLOOKUP(L20, DeviceWattagesTbl[Device], DeviceWattagesTbl[Power]))} | O20: {=IF(ISBLANK(N20),"",XLOOKUP(N20, DeviceWattagesTbl[Device], DeviceWattagesTbl[Power]))} | Q20: {=IF(ISBLANK(P20),"",XLOOKUP(P20, DeviceWattagesTbl[Device], DeviceWattagesTbl[Power]))} | S20: {=IF(ISBLANK(R20),"",XLOOKUP(R20, DeviceWattagesTbl[Device], DeviceWattagesTbl[Power]))} | U20: {=IF(ISBLANK(T20),"",XLOOKUP(T20, DeviceWattagesTbl[Device], DeviceWattagesTbl[Power]))} | W20: {=IF(ISBLANK(V20),"",XLOOKUP(V20, DeviceWattagesTbl[Device], DeviceWattagesTbl[Power]))} | Y20: {=IF(ISBLANK(X20),"",XLOOKUP(X20, DeviceWattagesTbl[Device], DeviceWattagesTbl[Power]))}
A21: T | B21: {=IF(ISBLANK(A21),"",XLOOKUP(A21, FloorsTbl[Floor], FloorsTbl[Floor name]))} -> Top floor | C21: Mx | D21: {=IF(ISBLANK(C21),"",XLOOKUP(C21, RoomsTbl[Room], RoomsTbl[Room Name]))} -> Max's bedroom | E21: O04 | F21: =IF(ISBLANK(E21),"",A21&"-"&C21&"-"&E21) -> T-Mx-O04 | G21: Outlet front | H21: M14L | I21: {=IF(ISBLANK(H21),"",XLOOKUP(H21, BreakersTbl[Breaker Name], BreakersTbl[Breaker Box Name]))} -> Main | J21: =CHAR(10004) -> ✔ | K21: =+M21+O21+Q21+S21+U21+W21+Y21 -> 0 | M21: {=IF(ISBLANK(L21),"",XLOOKUP(L21, DeviceWattagesTbl[Device], DeviceWattagesTbl[Power]))} | O21: {=IF(ISBLANK(N21),"",XLOOKUP(N21, DeviceWattagesTbl[Device], DeviceWattagesTbl[Power]))} | Q21: {=IF(ISBLANK(P21),"",XLOOKUP(P21, DeviceWattagesTbl[Device], DeviceWattagesTbl[Power]))} | S21: {=IF(ISBLANK(R21),"",XLOOKUP(R21, DeviceWattagesTbl[Device], DeviceWattagesTbl[Power]))} | U21: {=IF(ISBLANK(T21),"",XLOOKUP(T21, DeviceWattagesTbl[Device], DeviceWattagesTbl[Power]))} | W21: {=IF(ISBLANK(V21),"",XLOOKUP(V21, DeviceWattagesTbl[Device], DeviceWattagesTbl[Power]))} | Y21: {=IF(ISBLANK(X21),"",XLOOKUP(X21, DeviceWattagesTbl[Device], DeviceWattagesTbl[Power]))}
A22: T | B22: {=IF(ISBLANK(A22),"",XLOOKUP(A22, FloorsTbl[Floor], FloorsTbl[Floor name]))} -> Top floor | C22: Mx | D22: {=IF(ISBLANK(C22),"",XLOOKUP(C22, RoomsTbl[Room], RoomsTbl[Room Name]))} -> Max's bedroom | E22: O03 | F22: =IF(ISBLANK(E22),"",A22&"-"&C22&"-"&E22) -> T-Mx-O03 | G22: Outlet left front | H22: M14L | I22: {=IF(ISBLANK(H22),"",XLOOKUP(H22, BreakersTbl[Breaker Name], BreakersTbl[Breaker Box Name]))} -> Main | J22: =CHAR(10004) -> ✔ | K22: =+M22+O22+Q22+S22+U22+W22+Y22 -> 30 | L22: LED Lamp | M22: {=IF(ISBLANK(L22),"",XLOOKUP(L22, DeviceWattagesTbl[Device], DeviceWattagesTbl[Power]))} -> 30 | O22: {=IF(ISBLANK(N22),"",XLOOKUP(N22, DeviceWattagesTbl[Device], DeviceWattagesTbl[Power]))} | Q22: {=IF(ISBLANK(P22),"",XLOOKUP(P22, DeviceWattagesTbl[Device], DeviceWattagesTbl[Power]))} | S22: {=IF(ISBLANK(R22),"",XLOOKUP(R22, DeviceWattagesTbl[Device], DeviceWattagesTbl[Power]))} | U22: {=IF(ISBLANK(T22),"",XLOOKUP(T22, DeviceWattagesTbl[Device], DeviceWattagesTbl[Power]))} | W22: {=IF(ISBLANK(V22),"",XLOOKUP(V22, DeviceWattagesTbl[Device], DeviceWattagesTbl[Power]))} | Y22: {=IF(ISBLANK(X22),"",XLOOKUP(X22, DeviceWattagesTbl[Device], DeviceWattagesTbl[Power]))}
A23: T | B23: {=IF(ISBLANK(A23),"",XLOOKUP(A23, FloorsTbl[Floor], FloorsTbl[Floor name]))} -> Top floor | C23: Mx | D23: {=IF(ISBLANK(C23),"",XLOOKUP(C23, RoomsTbl[Room], RoomsTbl[Room Name]))} -> Max's bedroom | E23: O02 | F23: =IF(ISBLANK(E23),"",A23&"-"&C23&"-"&E23) -> T-Mx-O02 | G23: Outlet left back | H23: M14L | I23: {=IF(ISBLANK(H23),"",XLOOKUP(H23, BreakersTbl[Breaker Name], BreakersTbl[Breaker Box Name]))} -> Main | J23: =CHAR(10004) -> ✔ | K23: =+M23+O23+Q23+S23+U23+W23+Y23 -> 30 | L23: LED Lamp | M23: {=IF(ISBLANK(L23),"",XLOOKUP(L23, DeviceWattagesTbl[Device], DeviceWattagesTbl[Power]))} -> 30 | O23: {=IF(ISBLANK(N23),"",XLOOKUP(N23, DeviceWattagesTbl[Device], DeviceWattagesTbl[Power]))} | Q23: {=IF(ISBLANK(P23),"",XLOOKUP(P23, DeviceWattagesTbl[Device], DeviceWattagesTbl[Power]))} | S23: {=IF(ISBLANK(R23),"",XLOOKUP(R23, DeviceWattagesTbl[Device], DeviceWattagesTbl[Power]))} | U23: {=IF(ISBLANK(T23),"",XLOOKUP(T23, DeviceWattagesTbl[Device], DeviceWattagesTbl[Power]))} | W23: {=IF(ISBLANK(V23),"",XLOOKUP(V23, DeviceWattagesTbl[Device], DeviceWattagesTbl[Power]))} | Y23: {=IF(ISBLANK(X23),"",XLOOKUP(X23, DeviceWattagesTbl[Device], DeviceWattagesTbl[Power]))}
A24: T | B24: {=IF(ISBLANK(A24),"",XLOOKUP(A24, FloorsTbl[Floor], FloorsTbl[Floor name]))} -> Top floor | C24: Mx | D24: {=IF(ISBLANK(C24),"",XLOOKUP(C24, RoomsTbl[Room], RoomsTbl[Room Name]))} -> Max's bedroom | E24: O01 | F24: =IF(ISBLANK(E24),"",A24&"-"&C24&"-"&E24) -> T-Mx-O01 | G24: Outlet back | H24: M14L | I24: {=IF(ISBLANK(H24),"",XLOOKUP(H24, BreakersTbl[Breaker Name], BreakersTbl[Breaker Box Name]))} -> Main | J24: =CHAR(10004) -> ✔ | K24: =+M24+O24+Q24+S24+U24+W24+Y24 -> 0 | M24: {=IF(ISBLANK(L24),"",XLOOKUP(L24, DeviceWattagesTbl[Device], DeviceWattagesTbl[Power]))} | O24: {=IF(ISBLANK(N24),"",XLOOKUP(N24, DeviceWattagesTbl[Device], DeviceWattagesTbl[Power]))} | Q24: {=IF(ISBLANK(P24),"",XLOOKUP(P24, DeviceWattagesTbl[Device], DeviceWattagesTbl[Power]))} | S24: {=IF(ISBLANK(R24),"",XLOOKUP(R24, DeviceWattagesTbl[Device], DeviceWattagesTbl[Power]))} | U24: {=IF(ISBLANK(T24),"",XLOOKUP(T24, DeviceWattagesTbl[Device], DeviceWattagesTbl[Power]))} | W24: {=IF(ISBLANK(V24),"",XLOOKUP(V24, DeviceWattagesTbl[Device], DeviceWattagesTbl[Power]))} | Y24: {=IF(ISBLANK(X24),"",XLOOKUP(X24, DeviceWattagesTbl[Device], DeviceWattagesTbl[Power]))}
A25: T | B25: {=IF(ISBLANK(A25),"",XLOOKUP(A25, FloorsTbl[Floor], FloorsTbl[Floor name]))} -> Top floor | C25: Mx | D25: {=IF(ISBLANK(C25),"",XLOOKUP(C25, RoomsTbl[Room], RoomsTbl[Room Name]))} -> Max's bedroom | E25: L01 | F25: =IF(ISBLANK(E25),"",A25&"-"&C25&"-"&E25) -> T-Mx-L01 | G25: Light over bed | H25: M14L | I25: {=IF(ISBLANK(H25),"",XLOOKUP(H25, BreakersTbl[Breaker Name], BreakersTbl[Breaker Box Name]))} -> Main | J25: =CHAR(10004) -> ✔ | K25: =+M25+O25+Q25+S25+U25+W25+Y25 -> 30 | L25: LED Lamp | M25: {=IF(ISBLANK(L25),"",XLOOKUP(L25, DeviceWattagesTbl[Device], DeviceWattagesTbl[Power]))} -> 30 | O25: {=IF(ISBLANK(N25),"",XLOOKUP(N25, DeviceWattagesTbl[Device], DeviceWattagesTbl[Power]))} | Q25: {=IF(ISBLANK(P25),"",XLOOKUP(P25, DeviceWattagesTbl[Device], DeviceWattagesTbl[Power]))} | S25: {=IF(ISBLANK(R25),"",XLOOKUP(R25, DeviceWattagesTbl[Device], DeviceWattagesTbl[Power]))} | U25: {=IF(ISBLANK(T25),"",XLOOKUP(T25, DeviceWattagesTbl[Device], DeviceWattagesTbl[Power]))} | W25: {=IF(ISBLANK(V25),"",XLOOKUP(V25, DeviceWattagesTbl[Device], DeviceWattagesTbl[Power]))} | Y25: {=IF(ISBLANK(X25),"",XLOOKUP(X25, DeviceWattagesTbl[Device], DeviceWattagesTbl[Power]))}
A26: T | B26: {=IF(ISBLANK(A26),"",XLOOKUP(A26, FloorsTbl[Floor], FloorsTbl[Floor name]))} -> Top floor | C26: BR | D26: {=IF(ISBLANK(C26),"",XLOOKUP(C26, RoomsTbl[Room], RoomsTbl[Room Name]))} -> Bonus Room | E26: L01 | F26: =IF(ISBLANK(E26),"",A26&"-"&C26&"-"&E26) -> T-BR-L01 | G26: Light ceiling | H26: M14R | I26: Main | J26: =CHAR(10004) -> ✔ | K26: =+M26+O26+Q26+S26+U26+W26+Y26 -> #N/A | L26: Can't test | M26: {=IF(ISBLANK(L26),"",XLOOKUP(L26, DeviceWattagesTbl[Device], DeviceWattagesTbl[Power]))} -> #N/A | O26: {=IF(ISBLANK(N26),"",XLOOKUP(N26, DeviceWattagesTbl[Device], DeviceWattagesTbl[Power]))} | Q26: {=IF(ISBLANK(P26),"",XLOOKUP(P26, DeviceWattagesTbl[Device], DeviceWattagesTbl[Power]))} | S26: {=IF(ISBLANK(R26),"",XLOOKUP(R26, DeviceWattagesTbl[Device], DeviceWattagesTbl[Power]))} | U26: {=IF(ISBLANK(T26),"",XLOOKUP(T26, DeviceWattagesTbl[Device], DeviceWattagesTbl[Power]))} | W26: {=IF(ISBLANK(V26),"",XLOOKUP(V26, DeviceWattagesTbl[Device], DeviceWattagesTbl[Power]))} | Y26: {=IF(ISBLANK(X26),"",XLOOKUP(X26, DeviceWattagesTbl[Device], DeviceWattagesTbl[Power]))}
A27: T | B27: {=IF(ISBLANK(A27),"",XLOOKUP(A27, FloorsTbl[Floor], FloorsTbl[Floor name]))} -> Top floor | C27: La | D27: {=IF(ISBLANK(C27),"",XLOOKUP(C27, RoomsTbl[Room], RoomsTbl[Room Name]))} -> Laundry | E27: L01 | F27: =IF(ISBLANK(E27),"",A27&"-"&C27&"-"&E27) -> T-La-L01 | G27: Light ceiling | H27: M14R | I27: =IF(ISBLANK(H27),"",VLOOKUP(H27,Breakers!$B$2:$C$44,2)) -> Main | J27: =CHAR(10004) -> ✔ | K27: =+M27+O27+Q27+S27+U27+W27+Y27 -> 60 | L27: LED Lamp | M27: {=IF(ISBLANK(L27),"",XLOOKUP(L27, DeviceWattagesTbl[Device], DeviceWattagesTbl[Power]))} -> 30 | N27: LED Lamp | O27: {=IF(ISBLANK(N27),"",XLOOKUP(N27, DeviceWattagesTbl[Device], DeviceWattagesTbl[Power]))} -> 30 | Q27: {=IF(ISBLANK(P27),"",XLOOKUP(P27, DeviceWattagesTbl[Device], DeviceWattagesTbl[Power]))} | S27: {=IF(ISBLANK(R27),"",XLOOKUP(R27, DeviceWattagesTbl[Device], DeviceWattagesTbl[Power]))} | U27: {=IF(ISBLANK(T27),"",XLOOKUP(T27, DeviceWattagesTbl[Device], DeviceWattagesTbl[Power]))} | W27: {=IF(ISBLANK(V27),"",XLOOKUP(V27, DeviceWattagesTbl[Device], DeviceWattagesTbl[Power]))} | Y27: {=IF(ISBLANK(X27),"",XLOOKUP(X27, DeviceWattagesTbl[Device], DeviceWattagesTbl[Power]))}
A28: T | B28: {=IF(ISBLANK(A28),"",XLOOKUP(A28, FloorsTbl[Floor], FloorsTbl[Floor name]))} -> Top floor | C28: Th | D28: {=IF(ISBLANK(C28),"",XLOOKUP(C28, RoomsTbl[Room], RoomsTbl[Room Name]))} -> Thurston's bedroom | E28: O05 | F28: =IF(ISBLANK(E28),"",A28&"-"&C28&"-"&E28) -> T-Th-O05 | G28: Outlet right front | H28: M14R | I28: {=IF(ISBLANK(H28),"",XLOOKUP(H28, BreakersTbl[Breaker Name], BreakersTbl[Breaker Box Name]))} -> Main | J28: =CHAR(10004) -> ✔ | K28: =+M28+O28+Q28+S28+U28+W28+Y28 -> 150 | L28: LED Lamp | M28: {=IF(ISBLANK(L28),"",XLOOKUP(L28, DeviceWattagesTbl[Device], DeviceWattagesTbl[Power]))} -> 30 | N28: Computer Small | O28: {=IF(ISBLANK(N28),"",XLOOKUP(N28, DeviceWattagesTbl[Device], DeviceWattagesTbl[Power]))} -> 120 | Q28: {=IF(ISBLANK(P28),"",XLOOKUP(P28, DeviceWattagesTbl[Device], DeviceWattagesTbl[Power]))} | S28: {=IF(ISBLANK(R28),"",XLOOKUP(R28, DeviceWattagesTbl[Device], DeviceWattagesTbl[Power]))} | U28: {=IF(ISBLANK(T28),"",XLOOKUP(T28, DeviceWattagesTbl[Device], DeviceWattagesTbl[Power]))} | W28: {=IF(ISBLANK(V28),"",XLOOKUP(V28, DeviceWattagesTbl[Device], DeviceWattagesTbl[Power]))} | Y28: {=IF(ISBLANK(X28),"",XLOOKUP(X28, DeviceWattagesTbl[Device], DeviceWattagesTbl[Power]))}
A29: T | B29: {=IF(ISBLANK(A29),"",XLOOKUP(A29, FloorsTbl[Floor], FloorsTbl[Floor name]))} -> Top floor | C29: Th | D29: {=IF(ISBLANK(C29),"",XLOOKUP(C29, RoomsTbl[Room], RoomsTbl[Room Name]))} -> Thurston's bedroom | E29: O04 | F29: =IF(ISBLANK(E29),"",A29&"-"&C29&"-"&E29) -> T-Th-O04 | G29: Outlet right back | H29: M14R | I29: {=IF(ISBLANK(H29),"",XLOOKUP(H29, BreakersTbl[Breaker Name], BreakersTbl[Breaker Box Name]))} -> Main | J29: =CHAR(10004) -> ✔ | K29: =+M29+O29+Q29+S29+U29+W29+Y29 -> 0 | M29: {=IF(ISBLANK(L29),"",XLOOKUP(L29, DeviceWattagesTbl[Device], DeviceWattagesTbl[Power]))} | O29: {=IF(ISBLANK(N29),"",XLOOKUP(N29, DeviceWattagesTbl[Device], DeviceWattagesTbl[Power]))} | Q29: {=IF(ISBLANK(P29),"",XLOOKUP(P29, DeviceWattagesTbl[Device], DeviceWattagesTbl[Power]))} | S29: {=IF(ISBLANK(R29),"",XLOOKUP(R29, DeviceWattagesTbl[Device], DeviceWattagesTbl[Power]))} | U29: {=IF(ISBLANK(T29),"",XLOOKUP(T29, DeviceWattagesTbl[Device], DeviceWattagesTbl[Power]))} | W29: {=IF(ISBLANK(V29),"",XLOOKUP(V29, DeviceWattagesTbl[Device], DeviceWattagesTbl[Power]))} | Y29: {=IF(ISBLANK(X29),"",XLOOKUP(X29, DeviceWattagesTbl[Device], DeviceWattagesTbl[Power]))}
A30: T | B30: {=IF(ISBLANK(A30),"",XLOOKUP(A30, FloorsTbl[Floor], FloorsTbl[Floor name]))} -> Top floor | C30: Th | D30: {=IF(ISBLANK(C30),"",XLOOKUP(C30, RoomsTbl[Room], RoomsTbl[Room Name]))} -> Thurston's bedroom | E30: O03 | F30: =IF(ISBLANK(E30),"",A30&"-"&C30&"-"&E30) -> T-Th-O03 | G30: Outlet back | H30: M14R | I30: {=IF(ISBLANK(H30),"",XLOOKUP(H30, BreakersTbl[Breaker Name], BreakersTbl[Breaker Box Name]))} -> Main | J30: =CHAR(10004) -> ✔ | K30: =+M30+O30+Q30+S30+U30+W30+Y30 -> 0 | M30: {=IF(ISBLANK(L30),"",XLOOKUP(L30, DeviceWattagesTbl[Device], DeviceWattagesTbl[Power]))} | O30: {=IF(ISBLANK(N30),"",XLOOKUP(N30, DeviceWattagesTbl[Device], DeviceWattagesTbl[Power]))} | Q30: {=IF(ISBLANK(P30),"",XLOOKUP(P30, DeviceWattagesTbl[Device], DeviceWattagesTbl[Power]))} | S30: {=IF(ISBLANK(R30),"",XLOOKUP(R30, DeviceWattagesTbl[Device], DeviceWattagesTbl[Power]))} | U30: {=IF(ISBLANK(T30),"",XLOOKUP(T30, DeviceWattagesTbl[Device], DeviceWattagesTbl[Power]))} | W30: {=IF(ISBLANK(V30),"",XLOOKUP(V30, DeviceWattagesTbl[Device], DeviceWattagesTbl[Power]))} | Y30: {=IF(ISBLANK(X30),"",XLOOKUP(X30, DeviceWattagesTbl[Device], DeviceWattagesTbl[Power]))}
A31: T | B31: {=IF(ISBLANK(A31),"",XLOOKUP(A31, FloorsTbl[Floor], FloorsTbl[Floor name]))} -> Top floor | C31: Th | D31: {=IF(ISBLANK(C31),"",XLOOKUP(C31, RoomsTbl[Room], RoomsTbl[Room Name]))} -> Thurston's bedroom | E31: O02 | F31: =IF(ISBLANK(E31),"",A31&"-"&C31&"-"&E31) -> T-Th-O02 | G31: Outlet under computer desk | H31: M14R | I31: {=IF(ISBLANK(H31),"",XLOOKUP(H31, BreakersTbl[Breaker Name], BreakersTbl[Breaker Box Name]))} -> Main | J31: =CHAR(10004) -> ✔ | K31: =+M31+O31+Q31+S31+U31+W31+Y31 -> 290 | L31: LED Lamp | M31: {=IF(ISBLANK(L31),"",XLOOKUP(L31, DeviceWattagesTbl[Device], DeviceWattagesTbl[Power]))} -> 30 | N31: Computer Large | O31: {=IF(ISBLANK(N31),"",XLOOKUP(N31, DeviceWattagesTbl[Device], DeviceWattagesTbl[Power]))} -> 240 | P31: Ipad | Q31: {=IF(ISBLANK(P31),"",XLOOKUP(P31, DeviceWattagesTbl[Device], DeviceWattagesTbl[Power]))} -> 20 | S31: {=IF(ISBLANK(R31),"",XLOOKUP(R31, DeviceWattagesTbl[Device], DeviceWattagesTbl[Power]))} | U31: {=IF(ISBLANK(T31),"",XLOOKUP(T31, DeviceWattagesTbl[Device], DeviceWattagesTbl[Power]))} | W31: {=IF(ISBLANK(V31),"",XLOOKUP(V31, DeviceWattagesTbl[Device], DeviceWattagesTbl[Power]))} | Y31: {=IF(ISBLANK(X31),"",XLOOKUP(X31, DeviceWattagesTbl[Device], DeviceWattagesTbl[Power]))}
A32: T | B32: {=IF(ISBLANK(A32),"",XLOOKUP(A32, FloorsTbl[Floor], FloorsTbl[Floor name]))} -> Top floor | C32: Th | D32: {=IF(ISBLANK(C32),"",XLOOKUP(C32, RoomsTbl[Room], RoomsTbl[Room Name]))} -> Thurston's bedroom | E32: O01 | F32: =IF(ISBLANK(E32),"",A32&"-"&C32&"-"&E32) -> T-Th-O01 | G32: Outlet front left | H32: M14R | I32: {=IF(ISBLANK(H32),"",XLOOKUP(H32, BreakersTbl[Breaker Name], BreakersTbl[Breaker Box Name]))} -> Main | J32: =CHAR(10004) -> ✔ | K32: =+M32+O32+Q32+S32+U32+W32+Y32 -> 0 | M32: {=IF(ISBLANK(L32),"",XLOOKUP(L32, DeviceWattagesTbl[Device], DeviceWattagesTbl[Power]))} | O32: {=IF(ISBLANK(N32),"",XLOOKUP(N32, DeviceWattagesTbl[Device], DeviceWattagesTbl[Power]))} | Q32: {=IF(ISBLANK(P32),"",XLOOKUP(P32, DeviceWattagesTbl[Device], DeviceWattagesTbl[Power]))} | S32: {=IF(ISBLANK(R32),"",XLOOKUP(R32, DeviceWattagesTbl[Device], DeviceWattagesTbl[Power]))} | U32: {=IF(ISBLANK(T32),"",XLOOKUP(T32, DeviceWattagesTbl[Device], DeviceWattagesTbl[Power]))} | W32: {=IF(ISBLANK(V32),"",XLOOKUP(V32, DeviceWattagesTbl[Device], DeviceWattagesTbl[Power]))} | Y32: {=IF(ISBLANK(X32),"",XLOOKUP(X32, DeviceWattagesTbl[Device], DeviceWattagesTbl[Power]))}
A33: T | B33: {=IF(ISBLANK(A33),"",XLOOKUP(A33, FloorsTbl[Floor], FloorsTbl[Floor name]))} -> Top floor | C33: Th | D33: {=IF(ISBLANK(C33),"",XLOOKUP(C33, RoomsTbl[Room], RoomsTbl[Room Name]))} -> Thurston's bedroom | E33: L01 | F33: =IF(ISBLANK(E33),"",A33&"-"&C33&"-"&E33) -> T-Th-L01 | G33: Light ceiling | H33: M14L | I33: {=IF(ISBLANK(H33),"",XLOOKUP(H33, BreakersTbl[Breaker Name], BreakersTbl[Breaker Box Name]))} -> Main | J33: =CHAR(10004) -> ✔ | K33: =+M33+O33+Q33+S33+U33+W33+Y33 -> 0 | M33: {=IF(ISBLANK(L33),"",XLOOKUP(L33, DeviceWattagesTbl[Device], DeviceWattagesTbl[Power]))} | O33: {=IF(ISBLANK(N33),"",XLOOKUP(N33, DeviceWattagesTbl[Device], DeviceWattagesTbl[Power]))} | Q33: {=IF(ISBLANK(P33),"",XLOOKUP(P33, DeviceWattagesTbl[Device], DeviceWattagesTbl[Power]))} | S33: {=IF(ISBLANK(R33),"",XLOOKUP(R33, DeviceWattagesTbl[Device], DeviceWattagesTbl[Power]))} | U33: {=IF(ISBLANK(T33),"",XLOOKUP(T33, DeviceWattagesTbl[Device], DeviceWattagesTbl[Power]))} | W33: {=IF(ISBLANK(V33),"",XLOOKUP(V33, DeviceWattagesTbl[Device], DeviceWattagesTbl[Power]))} | Y33: {=IF(ISBLANK(X33),"",XLOOKUP(X33, DeviceWattagesTbl[Device], DeviceWattagesTbl[Power]))}
A34: T | B34: {=IF(ISBLANK(A34),"",XLOOKUP(A34, FloorsTbl[Floor], FloorsTbl[Floor name]))} -> Top floor | C34: GB | D34: {=IF(ISBLANK(C34),"",XLOOKUP(C34, RoomsTbl[Room], RoomsTbl[Room Name]))} -> Guest Bathroom | E34: O02 | F34: =IF(ISBLANK(E34),"",A34&"-"&C34&"-"&E34) -> T-GB-O02 | G34: Outlet under sink left | H34: M19R | I34: =IF(ISBLANK(H34),"",VLOOKUP(H34,Breakers!$B$2:$C$44,2)) -> Main | J34: =CHAR(10004) -> ✔ | K34: =+M34+O34+Q34+S34+U34+W34+Y34 -> 1000 | L34: Toto Toilet Seat | M34: {=IF(ISBLANK(L34),"",XLOOKUP(L34, DeviceWattagesTbl[Device], DeviceWattagesTbl[Power]))} -> 1000 | O34: {=IF(ISBLANK(N34),"",XLOOKUP(N34, DeviceWattagesTbl[Device], DeviceWattagesTbl[Power]))} | Q34: {=IF(ISBLANK(P34),"",XLOOKUP(P34, DeviceWattagesTbl[Device], DeviceWattagesTbl[Power]))} | S34: {=IF(ISBLANK(R34),"",XLOOKUP(R34, DeviceWattagesTbl[Device], DeviceWattagesTbl[Power]))} | U34: {=IF(ISBLANK(T34),"",XLOOKUP(T34, DeviceWattagesTbl[Device], DeviceWattagesTbl[Power]))} | W34: {=IF(ISBLANK(V34),"",XLOOKUP(V34, DeviceWattagesTbl[Device], DeviceWattagesTbl[Power]))} | Y34: {=IF(ISBLANK(X34),"",XLOOKUP(X34, DeviceWattagesTbl[Device], DeviceWattagesTbl[Power]))}
A35: T | B35: {=IF(ISBLANK(A35),"",XLOOKUP(A35, FloorsTbl[Floor], FloorsTbl[Floor name]))} -> Top floor | C35: GB | D35: {=IF(ISBLANK(C35),"",XLOOKUP(C35, RoomsTbl[Room], RoomsTbl[Room Name]))} -> Guest Bathroom | E35: O01 | F35: =IF(ISBLANK(E35),"",A35&"-"&C35&"-"&E35) -> T-GB-O01 | G35: Outlet by sink left | H35: M19R | I35: =IF(ISBLANK(H35),"",VLOOKUP(H35,Breakers!$B$2:$C$44,2)) -> Main | J35: =CHAR(10004) -> ✔ | K35: =+M35+O35+Q35+S35+U35+W35+Y35 -> 0 | M35: {=IF(ISBLANK(L35),"",XLOOKUP(L35, DeviceWattagesTbl[Device], DeviceWattagesTbl[Power]))} | O35: {=IF(ISBLANK(N35),"",XLOOKUP(N35, DeviceWattagesTbl[Device], DeviceWattagesTbl[Power]))} | Q35: {=IF(ISBLANK(P35),"",XLOOKUP(P35, DeviceWattagesTbl[Device], DeviceWattagesTbl[Power]))} | S35: {=IF(ISBLANK(R35),"",XLOOKUP(R35, DeviceWattagesTbl[Device], DeviceWattagesTbl[Power]))} | U35: {=IF(ISBLANK(T35),"",XLOOKUP(T35, DeviceWattagesTbl[Device], DeviceWattagesTbl[Power]))} | W35: {=IF(ISBLANK(V35),"",XLOOKUP(V35, DeviceWattagesTbl[Device], DeviceWattagesTbl[Power]))} | Y35: {=IF(ISBLANK(X35),"",XLOOKUP(X35, DeviceWattagesTbl[Device], DeviceWattagesTbl[Power]))}
A36: T | B36: {=IF(ISBLANK(A36),"",XLOOKUP(A36, FloorsTbl[Floor], FloorsTbl[Floor name]))} -> Top floor | C36: GB | D36: {=IF(ISBLANK(C36),"",XLOOKUP(C36, RoomsTbl[Room], RoomsTbl[Room Name]))} -> Guest Bathroom | E36: L10 | F36: =IF(ISBLANK(E36),"",A36&"-"&C36&"-"&E36) -> T-GB-L10 | G36: Light above sink | H36: M19R | I36: =IF(ISBLANK(H36),"",VLOOKUP(H36,Breakers!$B$2:$C$44,2)) -> Main | J36: =CHAR(10004) -> ✔ | K36: =+M36+O36+Q36+S36+U36+W36+Y36 -> 60 | L36: LED Lamp | M36: {=IF(ISBLANK(L36),"",XLOOKUP(L36, DeviceWattagesTbl[Device], DeviceWattagesTbl[Power]))} -> 30 | N36: LED Lamp | O36: {=IF(ISBLANK(N36),"",XLOOKUP(N36, DeviceWattagesTbl[Device], DeviceWattagesTbl[Power]))} -> 30 | Q36: {=IF(ISBLANK(P36),"",XLOOKUP(P36, DeviceWattagesTbl[Device], DeviceWattagesTbl[Power]))} | S36: {=IF(ISBLANK(R36),"",XLOOKUP(R36, DeviceWattagesTbl[Device], DeviceWattagesTbl[Power]))} | U36: {=IF(ISBLANK(T36),"",XLOOKUP(T36, DeviceWattagesTbl[Device], DeviceWattagesTbl[Power]))} | W36: {=IF(ISBLANK(V36),"",XLOOKUP(V36, DeviceWattagesTbl[Device], DeviceWattagesTbl[Power]))} | Y36: {=IF(ISBLANK(X36),"",XLOOKUP(X36, DeviceWattagesTbl[Device], DeviceWattagesTbl[Power]))}
A37: T | B37: {=IF(ISBLANK(A37),"",XLOOKUP(A37, FloorsTbl[Floor], FloorsTbl[Floor name]))} -> Top floor | C37: Ha | D37: {=IF(ISBLANK(C37),"",XLOOKUP(C37, RoomsTbl[Room], RoomsTbl[Room Name]))} -> Hallway | E37: L02 | F37: =IF(ISBLANK(E37),"",A37&"-"&C37&"-"&E37) -> T-Ha-L02 | G37: Lights in stairwell down | H37: M19R | I37: =IF(ISBLANK(H37),"",VLOOKUP(H37,Breakers!$B$2:$C$44,2)) -> Main | J37: =CHAR(10004) -> ✔ | K37: =+M37+O37+Q37+S37+U37+W37+Y37 -> 0 | M37: {=IF(ISBLANK(L37),"",XLOOKUP(L37, DeviceWattagesTbl[Device], DeviceWattagesTbl[Power]))} | O37: {=IF(ISBLANK(N37),"",XLOOKUP(N37, DeviceWattagesTbl[Device], DeviceWattagesTbl[Power]))} | Q37: {=IF(ISBLANK(P37),"",XLOOKUP(P37, DeviceWattagesTbl[Device], DeviceWattagesTbl[Power]))} | S37: {=IF(ISBLANK(R37),"",XLOOKUP(R37, DeviceWattagesTbl[Device], DeviceWattagesTbl[Power]))} | U37: {=IF(ISBLANK(T37),"",XLOOKUP(T37, DeviceWattagesTbl[Device], DeviceWattagesTbl[Power]))} | W37: {=IF(ISBLANK(V37),"",XLOOKUP(V37, DeviceWattagesTbl[Device], DeviceWattagesTbl[Power]))} | Y37: {=IF(ISBLANK(X37),"",XLOOKUP(X37, DeviceWattagesTbl[Device], DeviceWattagesTbl[Power]))}
A38: T | B38: {=IF(ISBLANK(A38),"",XLOOKUP(A38, FloorsTbl[Floor], FloorsTbl[Floor name]))} -> Top floor | C38: Ma | D38: {=IF(ISBLANK(C38),"",XLOOKUP(C38, RoomsTbl[Room], RoomsTbl[Room Name]))} -> Master Bedroom | E38: O07 | F38: =IF(ISBLANK(E38),"",A38&"-"&C38&"-"&E38) -> T-Ma-O07 | G38: Outlet right back | H38: M19R | I38: =IF(ISBLANK(H38),"",VLOOKUP(H38,Breakers!$B$2:$C$44,2)) -> Main | J38: =CHAR(10004) -> ✔ | K38: =+M38+O38+Q38+S38+U38+W38+Y38 -> 0 | M38: {=IF(ISBLANK(L38),"",XLOOKUP(L38, DeviceWattagesTbl[Device], DeviceWattagesTbl[Power]))} | O38: {=IF(ISBLANK(N38),"",XLOOKUP(N38, DeviceWattagesTbl[Device], DeviceWattagesTbl[Power]))} | Q38: {=IF(ISBLANK(P38),"",XLOOKUP(P38, DeviceWattagesTbl[Device], DeviceWattagesTbl[Power]))} | S38: {=IF(ISBLANK(R38),"",XLOOKUP(R38, DeviceWattagesTbl[Device], DeviceWattagesTbl[Power]))} | U38: {=IF(ISBLANK(T38),"",XLOOKUP(T38, DeviceWattagesTbl[Device], DeviceWattagesTbl[Power]))} | W38: {=IF(ISBLANK(V38),"",XLOOKUP(V38, DeviceWattagesTbl[Device], DeviceWattagesTbl[Power]))} | Y38: {=IF(ISBLANK(X38),"",XLOOKUP(X38, DeviceWattagesTbl[Device], DeviceWattagesTbl[Power]))}
A39: T | B39: {=IF(ISBLANK(A39),"",XLOOKUP(A39, FloorsTbl[Floor], FloorsTbl[Floor name]))} -> Top floor | C39: Ma | D39: {=IF(ISBLANK(C39),"",XLOOKUP(C39, RoomsTbl[Room], RoomsTbl[Room Name]))} -> Master Bedroom | E39: O06 | F39: =IF(ISBLANK(E39),"",A39&"-"&C39&"-"&E39) -> T-Ma-O06 | G39: Outlet TV | H39: M19R | I39: =IF(ISBLANK(H39),"",VLOOKUP(H39,Breakers!$B$2:$C$44,2)) -> Main | J39: =CHAR(10004) -> ✔ | K39: =+M39+O39+Q39+S39+U39+W39+Y39 -> 177 | L39: LED TV 42" | M39: {=IF(ISBLANK(L39),"",XLOOKUP(L39, DeviceWattagesTbl[Device], DeviceWattagesTbl[Power]))} -> 57 | N39: Computer Small | O39: {=IF(ISBLANK(N39),"",XLOOKUP(N39, DeviceWattagesTbl[Device], DeviceWattagesTbl[Power]))} -> 120 | Q39: {=IF(ISBLANK(P39),"",XLOOKUP(P39, DeviceWattagesTbl[Device], DeviceWattagesTbl[Power]))} | S39: {=IF(ISBLANK(R39),"",XLOOKUP(R39, DeviceWattagesTbl[Device], DeviceWattagesTbl[Power]))} | U39: {=IF(ISBLANK(T39),"",XLOOKUP(T39, DeviceWattagesTbl[Device], DeviceWattagesTbl[Power]))} | W39: {=IF(ISBLANK(V39),"",XLOOKUP(V39, DeviceWattagesTbl[Device], DeviceWattagesTbl[Power]))} | Y39: {=IF(ISBLANK(X39),"",XLOOKUP(X39, DeviceWattagesTbl[Device], DeviceWattagesTbl[Power]))}
A40: T | B40: {=IF(ISBLANK(A40),"",XLOOKUP(A40, FloorsTbl[Floor], FloorsTbl[Floor name]))} -> Top floor | C40: Ma | D40: {=IF(ISBLANK(C40),"",XLOOKUP(C40, RoomsTbl[Room], RoomsTbl[Room Name]))} -> Master Bedroom | E40: O05 | F40: =IF(ISBLANK(E40),"",A40&"-"&C40&"-"&E40) -> T-Ma-O05 | G40: Outlet bed left | H40: M19R | I40: =IF(ISBLANK(H40),"",VLOOKUP(H40,Breakers!$B$2:$C$44,2)) -> Main | J40: =CHAR(10004) -> ✔ | K40: =+M40+O40+Q40+S40+U40+W40+Y40 -> 20 | L40: Phone | M40: {=IF(ISBLANK(L40),"",XLOOKUP(L40, DeviceWattagesTbl[Device], DeviceWattagesTbl[Power]))} -> 20 | O40: {=IF(ISBLANK(N40),"",XLOOKUP(N40, DeviceWattagesTbl[Device], DeviceWattagesTbl[Power]))} | Q40: {=IF(ISBLANK(P40),"",XLOOKUP(P40, DeviceWattagesTbl[Device], DeviceWattagesTbl[Power]))} | S40: {=IF(ISBLANK(R40),"",XLOOKUP(R40, DeviceWattagesTbl[Device], DeviceWattagesTbl[Power]))} | U40: {=IF(ISBLANK(T40),"",XLOOKUP(T40, DeviceWattagesTbl[Device], DeviceWattagesTbl[Power]))} | W40: {=IF(ISBLANK(V40),"",XLOOKUP(V40, DeviceWattagesTbl[Device], DeviceWattagesTbl[Power]))} | Y40: {=IF(ISBLANK(X40),"",XLOOKUP(X40, DeviceWattagesTbl[Device], DeviceWattagesTbl[Power]))}
A41: T | B41: {=IF(ISBLANK(A41),"",XLOOKUP(A41, FloorsTbl[Floor], FloorsTbl[Floor name]))} -> Top floor | C41: Ma | D41: {=IF(ISBLANK(C41),"",XLOOKUP(C41, RoomsTbl[Room], RoomsTbl[Room Name]))} -> Master Bedroom | E41: O04 | F41: =IF(ISBLANK(E41),"",A41&"-"&C41&"-"&E41) -> T-Ma-O04 | G41: Outlet bed right | H41: M19R | I41: =IF(ISBLANK(H41),"",VLOOKUP(H41,Breakers!$B$2:$C$44,2)) -> Main | J41: =CHAR(10004) -> ✔ | K41: =+M41+O41+Q41+S41+U41+W41+Y41 -> 20 | L41: Ipad | M41: {=IF(ISBLANK(L41),"",XLOOKUP(L41, DeviceWattagesTbl[Device], DeviceWattagesTbl[Power]))} -> 20 | O41: {=IF(ISBLANK(N41),"",XLOOKUP(N41, DeviceWattagesTbl[Device], DeviceWattagesTbl[Power]))} | Q41: {=IF(ISBLANK(P41),"",XLOOKUP(P41, DeviceWattagesTbl[Device], DeviceWattagesTbl[Power]))} | S41: {=IF(ISBLANK(R41),"",XLOOKUP(R41, DeviceWattagesTbl[Device], DeviceWattagesTbl[Power]))} | U41: {=IF(ISBLANK(T41),"",XLOOKUP(T41, DeviceWattagesTbl[Device], DeviceWattagesTbl[Power]))} | W41: {=IF(ISBLANK(V41),"",XLOOKUP(V41, DeviceWattagesTbl[Device], DeviceWattagesTbl[Power]))} | Y41: {=IF(ISBLANK(X41),"",XLOOKUP(X41, DeviceWattagesTbl[Device], DeviceWattagesTbl[Power]))}
A42: T | B42: {=IF(ISBLANK(A42),"",XLOOKUP(A42, FloorsTbl[Floor], FloorsTbl[Floor name]))} -> Top floor | C42: Ma | D42: {=IF(ISBLANK(C42),"",XLOOKUP(C42, RoomsTbl[Room], RoomsTbl[Room Name]))} -> Master Bedroom | E42: O03 | F42: =IF(ISBLANK(E42),"",A42&"-"&C42&"-"&E42) -> T-Ma-O03 | G42: Outlet closet left | H42: M19R | I42: =IF(ISBLANK(H42),"",VLOOKUP(H42,Breakers!$B$2:$C$44,2)) -> Main | J42: =CHAR(10004) -> ✔ | K42: =+M42+O42+Q42+S42+U42+W42+Y42 -> 0 | M42: {=IF(ISBLANK(L42),"",XLOOKUP(L42, DeviceWattagesTbl[Device], DeviceWattagesTbl[Power]))} | O42: {=IF(ISBLANK(N42),"",XLOOKUP(N42, DeviceWattagesTbl[Device], DeviceWattagesTbl[Power]))} | Q42: {=IF(ISBLANK(P42),"",XLOOKUP(P42, DeviceWattagesTbl[Device], DeviceWattagesTbl[Power]))} | S42: {=IF(ISBLANK(R42),"",XLOOKUP(R42, DeviceWattagesTbl[Device], DeviceWattagesTbl[Power]))} | U42: {=IF(ISBLANK(T42),"",XLOOKUP(T42, DeviceWattagesTbl[Device], DeviceWattagesTbl[Power]))} | W42: {=IF(ISBLANK(V42),"",XLOOKUP(V42, DeviceWattagesTbl[Device], DeviceWattagesTbl[Power]))} | Y42: {=IF(ISBLANK(X42),"",XLOOKUP(X42, DeviceWattagesTbl[Device], DeviceWattagesTbl[Power]))}
A43: T | B43: {=IF(ISBLANK(A43),"",XLOOKUP(A43, FloorsTbl[Floor], FloorsTbl[Floor name]))} -> Top floor | C43: Ma | D43: {=IF(ISBLANK(C43),"",XLOOKUP(C43, RoomsTbl[Room], RoomsTbl[Room Name]))} -> Master Bedroom | E43: O02 | F43: =IF(ISBLANK(E43),"",A43&"-"&C43&"-"&E43) -> T-Ma-O02 | G43: Outlet closet front | H43: M19R | I43: =IF(ISBLANK(H43),"",VLOOKUP(H43,Breakers!$B$2:$C$44,2)) -> Main | J43: =CHAR(10004) -> ✔ | K43: =+M43+O43+Q43+S43+U43+W43+Y43 -> 0 | M43: {=IF(ISBLANK(L43),"",XLOOKUP(L43, DeviceWattagesTbl[Device], DeviceWattagesTbl[Power]))} | O43: {=IF(ISBLANK(N43),"",XLOOKUP(N43, DeviceWattagesTbl[Device], DeviceWattagesTbl[Power]))} | Q43: {=IF(ISBLANK(P43),"",XLOOKUP(P43, DeviceWattagesTbl[Device], DeviceWattagesTbl[Power]))} | S43: {=IF(ISBLANK(R43),"",XLOOKUP(R43, DeviceWattagesTbl[Device], DeviceWattagesTbl[Power]))} | U43: {=IF(ISBLANK(T43),"",XLOOKUP(T43, DeviceWattagesTbl[Device], DeviceWattagesTbl[Power]))} | W43: {=IF(ISBLANK(V43),"",XLOOKUP(V43, DeviceWattagesTbl[Device], DeviceWattagesTbl[Power]))} | Y43: {=IF(ISBLANK(X43),"",XLOOKUP(X43, DeviceWattagesTbl[Device], DeviceWattagesTbl[Power]))}
A44: T | B44: {=IF(ISBLANK(A44),"",XLOOKUP(A44, FloorsTbl[Floor], FloorsTbl[Floor name]))} -> Top floor | C44: Ma | D44: {=IF(ISBLANK(C44),"",XLOOKUP(C44, RoomsTbl[Room], RoomsTbl[Room Name]))} -> Master Bedroom | E44: O01 | F44: =IF(ISBLANK(E44),"",A44&"-"&C44&"-"&E44) -> T-Ma-O01 | G44: Outlet right front | H44: M19R | I44: =IF(ISBLANK(H44),"",VLOOKUP(H44,Breakers!$B$2:$C$44,2)) -> Main | J44: =CHAR(10004) -> ✔ | K44: =+M44+O44+Q44+S44+U44+W44+Y44 -> 0 | M44: {=IF(ISBLANK(L44),"",XLOOKUP(L44, DeviceWattagesTbl[Device], DeviceWattagesTbl[Power]))} | O44: {=IF(ISBLANK(N44),"",XLOOKUP(N44, DeviceWattagesTbl[Device], DeviceWattagesTbl[Power]))} | Q44: {=IF(ISBLANK(P44),"",XLOOKUP(P44, DeviceWattagesTbl[Device], DeviceWattagesTbl[Power]))} | S44: {=IF(ISBLANK(R44),"",XLOOKUP(R44, DeviceWattagesTbl[Device], DeviceWattagesTbl[Power]))} | U44: {=IF(ISBLANK(T44),"",XLOOKUP(T44, DeviceWattagesTbl[Device], DeviceWattagesTbl[Power]))} | W44: {=IF(ISBLANK(V44),"",XLOOKUP(V44, DeviceWattagesTbl[Device], DeviceWattagesTbl[Power]))} | Y44: {=IF(ISBLANK(X44),"",XLOOKUP(X44, DeviceWattagesTbl[Device], DeviceWattagesTbl[Power]))}
A45: T | B45: {=IF(ISBLANK(A45),"",XLOOKUP(A45, FloorsTbl[Floor], FloorsTbl[Floor name]))} -> Top floor | C45: Ma | D45: {=IF(ISBLANK(C45),"",XLOOKUP(C45, RoomsTbl[Room], RoomsTbl[Room Name]))} -> Master Bedroom | E45: L03 | F45: =IF(ISBLANK(E45),"",A45&"-"&C45&"-"&E45) -> T-Ma-L03 | G45: Lights fireplace | H45: M19R | I45: =IF(ISBLANK(H45),"",VLOOKUP(H45,Breakers!$B$2:$C$44,2)) -> Main | J45: =CHAR(10004) -> ✔ | K45: =+M45+O45+Q45+S45+U45+W45+Y45 -> 30 | L45: LED Lamp | M45: {=IF(ISBLANK(L45),"",XLOOKUP(L45, DeviceWattagesTbl[Device], DeviceWattagesTbl[Power]))} -> 30 | O45: {=IF(ISBLANK(N45),"",XLOOKUP(N45, DeviceWattagesTbl[Device], DeviceWattagesTbl[Power]))} | Q45: {=IF(ISBLANK(P45),"",XLOOKUP(P45, DeviceWattagesTbl[Device], DeviceWattagesTbl[Power]))} | S45: {=IF(ISBLANK(R45),"",XLOOKUP(R45, DeviceWattagesTbl[Device], DeviceWattagesTbl[Power]))} | U45: {=IF(ISBLANK(T45),"",XLOOKUP(T45, DeviceWattagesTbl[Device], DeviceWattagesTbl[Power]))} | W45: {=IF(ISBLANK(V45),"",XLOOKUP(V45, DeviceWattagesTbl[Device], DeviceWattagesTbl[Power]))} | Y45: {=IF(ISBLANK(X45),"",XLOOKUP(X45, DeviceWattagesTbl[Device], DeviceWattagesTbl[Power]))}
A46: T | B46: {=IF(ISBLANK(A46),"",XLOOKUP(A46, FloorsTbl[Floor], FloorsTbl[Floor name]))} -> Top floor | C46: Ma | D46: {=IF(ISBLANK(C46),"",XLOOKUP(C46, RoomsTbl[Room], RoomsTbl[Room Name]))} -> Master Bedroom | E46: L02 | F46: =IF(ISBLANK(E46),"",A46&"-"&C46&"-"&E46) -> T-Ma-L02 | G46: Lights closet | H46: M19R | I46: =IF(ISBLANK(H46),"",VLOOKUP(H46,Breakers!$B$2:$C$44,2)) -> Main | J46: =CHAR(10004) -> ✔ | K46: =+M46+O46+Q46+S46+U46+W46+Y46 -> 30 | L46: LED Lamp | M46: {=IF(ISBLANK(L46),"",XLOOKUP(L46, DeviceWattagesTbl[Device], DeviceWattagesTbl[Power]))} -> 30 | O46: {=IF(ISBLANK(N46),"",XLOOKUP(N46, DeviceWattagesTbl[Device], DeviceWattagesTbl[Power]))} | Q46: {=IF(ISBLANK(P46),"",XLOOKUP(P46, DeviceWattagesTbl[Device], DeviceWattagesTbl[Power]))} | S46: {=IF(ISBLANK(R46),"",XLOOKUP(R46, DeviceWattagesTbl[Device], DeviceWattagesTbl[Power]))} | U46: {=IF(ISBLANK(T46),"",XLOOKUP(T46, DeviceWattagesTbl[Device], DeviceWattagesTbl[Power]))} | W46: {=IF(ISBLANK(V46),"",XLOOKUP(V46, DeviceWattagesTbl[Device], DeviceWattagesTbl[Power]))} | Y46: {=IF(ISBLANK(X46),"",XLOOKUP(X46, DeviceWattagesTbl[Device], DeviceWattagesTbl[Power]))}
A47: T | B47: {=IF(ISBLANK(A47),"",XLOOKUP(A47, FloorsTbl[Floor], FloorsTbl[Floor name]))} -> Top floor | C47: Ma | D47: {=IF(ISBLANK(C47),"",XLOOKUP(C47, RoomsTbl[Room], RoomsTbl[Room Name]))} -> Master Bedroom | E47: L01 | F47: =IF(ISBLANK(E47),"",A47&"-"&C47&"-"&E47) -> T-Ma-L01 | G47: Lights over bed | H47: M19R | I47: =IF(ISBLANK(H47),"",VLOOKUP(H47,Breakers!$B$2:$C$44,2)) -> Main | J47: =CHAR(10004) -> ✔ | K47: =+M47+O47+Q47+S47+U47+W47+Y47 -> 60 | L47: LED Lamp | M47: {=IF(ISBLANK(L47),"",XLOOKUP(L47, DeviceWattagesTbl[Device], DeviceWattagesTbl[Power]))} -> 30 | N47: LED Lamp | O47: {=IF(ISBLANK(N47),"",XLOOKUP(N47, DeviceWattagesTbl[Device], DeviceWattagesTbl[Power]))} -> 30 | Q47: {=IF(ISBLANK(P47),"",XLOOKUP(P47, DeviceWattagesTbl[Device], DeviceWattagesTbl[Power]))} | S47: {=IF(ISBLANK(R47),"",XLOOKUP(R47, DeviceWattagesTbl[Device], DeviceWattagesTbl[Power]))} | U47: {=IF(ISBLANK(T47),"",XLOOKUP(T47, DeviceWattagesTbl[Device], DeviceWattagesTbl[Power]))} | W47: {=IF(ISBLANK(V47),"",XLOOKUP(V47, DeviceWattagesTbl[Device], DeviceWattagesTbl[Power]))} | Y47: {=IF(ISBLANK(X47),"",XLOOKUP(X47, DeviceWattagesTbl[Device], DeviceWattagesTbl[Power]))}
A48: T | B48: {=IF(ISBLANK(A48),"",XLOOKUP(A48, FloorsTbl[Floor], FloorsTbl[Floor name]))} -> Top floor | C48: Ma | D48: {=IF(ISBLANK(C48),"",XLOOKUP(C48, RoomsTbl[Room], RoomsTbl[Room Name]))} -> Master Bedroom | E48: F01 | F48: =IF(ISBLANK(E48),"",A48&"-"&C48&"-"&E48) -> T-Ma-F01 | G48: Fan over bed | H48: M19R | I48: =IF(ISBLANK(H48),"",VLOOKUP(H48,Breakers!$B$2:$C$44,2)) -> Main | J48: =CHAR(10004) -> ✔ | K48: =+M48+O48+Q48+S48+U48+W48+Y48 -> 70 | L48: Bathroom Light/Fan | M48: {=IF(ISBLANK(L48),"",XLOOKUP(L48, DeviceWattagesTbl[Device], DeviceWattagesTbl[Power]))} -> 70 | O48: {=IF(ISBLANK(N48),"",XLOOKUP(N48, DeviceWattagesTbl[Device], DeviceWattagesTbl[Power]))} | Q48: {=IF(ISBLANK(P48),"",XLOOKUP(P48, DeviceWattagesTbl[Device], DeviceWattagesTbl[Power]))} | S48: {=IF(ISBLANK(R48),"",XLOOKUP(R48, DeviceWattagesTbl[Device], DeviceWattagesTbl[Power]))} | U48: {=IF(ISBLANK(T48),"",XLOOKUP(T48, DeviceWattagesTbl[Device], DeviceWattagesTbl[Power]))} | W48: {=IF(ISBLANK(V48),"",XLOOKUP(V48, DeviceWattagesTbl[Device], DeviceWattagesTbl[Power]))} | Y48: {=IF(ISBLANK(X48),"",XLOOKUP(X48, DeviceWattagesTbl[Device], DeviceWattagesTbl[Power]))}
A49: T | B49: {=IF(ISBLANK(A49),"",XLOOKUP(A49, FloorsTbl[Floor], FloorsTbl[Floor name]))} -> Top floor | C49: MB | D49: {=IF(ISBLANK(C49),"",XLOOKUP(C49, RoomsTbl[Room], RoomsTbl[Room Name]))} -> Master Bathroom | E49: LF01 | F49: =IF(ISBLANK(E49),"",A49&"-"&C49&"-"&E49) -> T-MB-LF01 | G49: Light/fan over toilet | H49: M19R | I49: =IF(ISBLANK(H49),"",VLOOKUP(H49,Breakers!$B$2:$C$44,2)) -> Main | J49: =CHAR(10004) -> ✔ | K49: =+M49+O49+Q49+S49+U49+W49+Y49 -> 70 | L49: Bathroom Light/Fan | M49: {=IF(ISBLANK(L49),"",XLOOKUP(L49, DeviceWattagesTbl[Device], DeviceWattagesTbl[Power]))} -> 70 | O49: {=IF(ISBLANK(N49),"",XLOOKUP(N49, DeviceWattagesTbl[Device], DeviceWattagesTbl[Power]))} | Q49: {=IF(ISBLANK(P49),"",XLOOKUP(P49, DeviceWattagesTbl[Device], DeviceWattagesTbl[Power]))} | S49: {=IF(ISBLANK(R49),"",XLOOKUP(R49, DeviceWattagesTbl[Device], DeviceWattagesTbl[Power]))} | U49: {=IF(ISBLANK(T49),"",XLOOKUP(T49, DeviceWattagesTbl[Device], DeviceWattagesTbl[Power]))} | W49: {=IF(ISBLANK(V49),"",XLOOKUP(V49, DeviceWattagesTbl[Device], DeviceWattagesTbl[Power]))} | Y49: {=IF(ISBLANK(X49),"",XLOOKUP(X49, DeviceWattagesTbl[Device], DeviceWattagesTbl[Power]))}
A50: T | B50: {=IF(ISBLANK(A50),"",XLOOKUP(A50, FloorsTbl[Floor], FloorsTbl[Floor name]))} -> Top floor | C50: MB | D50: {=IF(ISBLANK(C50),"",XLOOKUP(C50, RoomsTbl[Room], RoomsTbl[Room Name]))} -> Master Bathroom | E50: L02 | F50: =IF(ISBLANK(E50),"",A50&"-"&C50&"-"&E50) -> T-MB-L02 | G50: Lights over hottub | H50: M19R | I50: =IF(ISBLANK(H50),"",VLOOKUP(H50,Breakers!$B$2:$C$44,2)) -> Main | J50: =CHAR(10004) -> ✔ | K50: =+M50+O50+Q50+S50+U50+W50+Y50 -> 60 | L50: LED Lamp | M50: {=IF(ISBLANK(L50),"",XLOOKUP(L50, DeviceWattagesTbl[Device], DeviceWattagesTbl[Power]))} -> 30 | N50: LED Lamp | O50: {=IF(ISBLANK(N50),"",XLOOKUP(N50, DeviceWattagesTbl[Device], DeviceWattagesTbl[Power]))} -> 30 | Q50: {=IF(ISBLANK(P50),"",XLOOKUP(P50, DeviceWattagesTbl[Device], DeviceWattagesTbl[Power]))} | S50: {=IF(ISBLANK(R50),"",XLOOKUP(R50, DeviceWattagesTbl[Device], DeviceWattagesTbl[Power]))} | U50: {=IF(ISBLANK(T50),"",XLOOKUP(T50, DeviceWattagesTbl[Device], DeviceWattagesTbl[Power]))} | W50: {=IF(ISBLANK(V50),"",XLOOKUP(V50, DeviceWattagesTbl[Device], DeviceWattagesTbl[Power]))} | Y50: {=IF(ISBLANK(X50),"",XLOOKUP(X50, DeviceWattagesTbl[Device], DeviceWattagesTbl[Power]))}
A51: T | B51: {=IF(ISBLANK(A51),"",XLOOKUP(A51, FloorsTbl[Floor], FloorsTbl[Floor name]))} -> Top floor | C51: MB | D51: {=IF(ISBLANK(C51),"",XLOOKUP(C51, RoomsTbl[Room], RoomsTbl[Room Name]))} -> Master Bathroom | E51: L02 | F51: =IF(ISBLANK(E51),"",A51&"-"&C51&"-"&E51) -> T-MB-L02 | G51: Light in shower | H51: M19R | I51: =IF(ISBLANK(H51),"",VLOOKUP(H51,Breakers!$B$2:$C$44,2)) -> Main | J51: =CHAR(10004) -> ✔ | K51: =+M51+O51+Q51+S51+U51+W51+Y51 -> 30 | L51: LED Lamp | M51: {=IF(ISBLANK(L51),"",XLOOKUP(L51, DeviceWattagesTbl[Device], DeviceWattagesTbl[Power]))} -> 30 | O51: {=IF(ISBLANK(N51),"",XLOOKUP(N51, DeviceWattagesTbl[Device], DeviceWattagesTbl[Power]))} | Q51: {=IF(ISBLANK(P51),"",XLOOKUP(P51, DeviceWattagesTbl[Device], DeviceWattagesTbl[Power]))} | S51: {=IF(ISBLANK(R51),"",XLOOKUP(R51, DeviceWattagesTbl[Device], DeviceWattagesTbl[Power]))} | U51: {=IF(ISBLANK(T51),"",XLOOKUP(T51, DeviceWattagesTbl[Device], DeviceWattagesTbl[Power]))} | W51: {=IF(ISBLANK(V51),"",XLOOKUP(V51, DeviceWattagesTbl[Device], DeviceWattagesTbl[Power]))} | Y51: {=IF(ISBLANK(X51),"",XLOOKUP(X51, DeviceWattagesTbl[Device], DeviceWattagesTbl[Power]))}
A52: T | B52: {=IF(ISBLANK(A52),"",XLOOKUP(A52, FloorsTbl[Floor], FloorsTbl[Floor name]))} -> Top floor | C52: MB | D52: {=IF(ISBLANK(C52),"",XLOOKUP(C52, RoomsTbl[Room], RoomsTbl[Room Name]))} -> Master Bathroom | E52: L01 | F52: =IF(ISBLANK(E52),"",A52&"-"&C52&"-"&E52) -> T-MB-L01 | G52: Lights over sink | H52: M19R | I52: =IF(ISBLANK(H52),"",VLOOKUP(H52,Breakers!$B$2:$C$44,2)) -> Main | J52: =CHAR(10004) -> ✔ | K52: =+M52+O52+Q52+S52+U52+W52+Y52 -> 60 | L52: LED Lamp | M52: {=IF(ISBLANK(L52),"",XLOOKUP(L52, DeviceWattagesTbl[Device], DeviceWattagesTbl[Power]))} -> 30 | N52: LED Lamp | O52: {=IF(ISBLANK(N52),"",XLOOKUP(N52, DeviceWattagesTbl[Device], DeviceWattagesTbl[Power]))} -> 30 | Q52: {=IF(ISBLANK(P52),"",XLOOKUP(P52, DeviceWattagesTbl[Device], DeviceWattagesTbl[Power]))} | S52: {=IF(ISBLANK(R52),"",XLOOKUP(R52, DeviceWattagesTbl[Device], DeviceWattagesTbl[Power]))} | U52: {=IF(ISBLANK(T52),"",XLOOKUP(T52, DeviceWattagesTbl[Device], DeviceWattagesTbl[Power]))} | W52: {=IF(ISBLANK(V52),"",XLOOKUP(V52, DeviceWattagesTbl[Device], DeviceWattagesTbl[Power]))} | Y52: {=IF(ISBLANK(X52),"",XLOOKUP(X52, DeviceWattagesTbl[Device], DeviceWattagesTbl[Power]))}
A53: T | B53: {=IF(ISBLANK(A53),"",XLOOKUP(A53, FloorsTbl[Floor], FloorsTbl[Floor name]))} -> Top floor | C53: Wi | D53: {=IF(ISBLANK(C53),"",XLOOKUP(C53, RoomsTbl[Room], RoomsTbl[Room Name]))} -> William's bedroom | E53: O06 | F53: =IF(ISBLANK(E53),"",A53&"-"&C53&"-"&E53) -> T-Wi-O06 | G53: Outlet right back | H53: M19R | I53: {=IF(ISBLANK(H53),"",XLOOKUP(H53, BreakersTbl[Breaker Name], BreakersTbl[Breaker Box Name]))} -> Main | J53: =CHAR(10004) -> ✔ | K53: =+M53+O53+Q53+S53+U53+W53+Y53 -> 0 | M53: {=IF(ISBLANK(L53),"",XLOOKUP(L53, DeviceWattagesTbl[Device], DeviceWattagesTbl[Power]))} | O53: {=IF(ISBLANK(N53),"",XLOOKUP(N53, DeviceWattagesTbl[Device], DeviceWattagesTbl[Power]))} | Q53: {=IF(ISBLANK(P53),"",XLOOKUP(P53, DeviceWattagesTbl[Device], DeviceWattagesTbl[Power]))} | S53: {=IF(ISBLANK(R53),"",XLOOKUP(R53, DeviceWattagesTbl[Device], DeviceWattagesTbl[Power]))} | U53: {=IF(ISBLANK(T53),"",XLOOKUP(T53, DeviceWattagesTbl[Device], DeviceWattagesTbl[Power]))} | W53: {=IF(ISBLANK(V53),"",XLOOKUP(V53, DeviceWattagesTbl[Device], DeviceWattagesTbl[Power]))} | Y53: {=IF(ISBLANK(X53),"",XLOOKUP(X53, DeviceWattagesTbl[Device], DeviceWattagesTbl[Power]))}
A54: T | B54: {=IF(ISBLANK(A54),"",XLOOKUP(A54, FloorsTbl[Floor], FloorsTbl[Floor name]))} -> Top floor | C54: Wi | D54: {=IF(ISBLANK(C54),"",XLOOKUP(C54, RoomsTbl[Room], RoomsTbl[Room Name]))} -> William's bedroom | E54: O05 | F54: =IF(ISBLANK(E54),"",A54&"-"&C54&"-"&E54) -> T-Wi-O05 | G54: Outlet right front | H54: M19R | I54: {=IF(ISBLANK(H54),"",XLOOKUP(H54, BreakersTbl[Breaker Name], BreakersTbl[Breaker Box Name]))} -> Main | J54: =CHAR(10004) -> ✔ | K54: =+M54+O54+Q54+S54+U54+W54+Y54 -> 0 | M54: {=IF(ISBLANK(L54),"",XLOOKUP(L54, DeviceWattagesTbl[Device], DeviceWattagesTbl[Power]))} | O54: {=IF(ISBLANK(N54),"",XLOOKUP(N54, DeviceWattagesTbl[Device], DeviceWattagesTbl[Power]))} | Q54: {=IF(ISBLANK(P54),"",XLOOKUP(P54, DeviceWattagesTbl[Device], DeviceWattagesTbl[Power]))} | S54: {=IF(ISBLANK(R54),"",XLOOKUP(R54, DeviceWattagesTbl[Device], DeviceWattagesTbl[Power]))} | U54: {=IF(ISBLANK(T54),"",XLOOKUP(T54, DeviceWattagesTbl[Device], DeviceWattagesTbl[Power]))} | W54: {=IF(ISBLANK(V54),"",XLOOKUP(V54, DeviceWattagesTbl[Device], DeviceWattagesTbl[Power]))} | Y54: {=IF(ISBLANK(X54),"",XLOOKUP(X54, DeviceWattagesTbl[Device], DeviceWattagesTbl[Power]))}
A55: T | B55: {=IF(ISBLANK(A55),"",XLOOKUP(A55, FloorsTbl[Floor], FloorsTbl[Floor name]))} -> Top floor | C55: Wi | D55: {=IF(ISBLANK(C55),"",XLOOKUP(C55, RoomsTbl[Room], RoomsTbl[Room Name]))} -> William's bedroom | E55: O04 | F55: =IF(ISBLANK(E55),"",A55&"-"&C55&"-"&E55) -> T-Wi-O04 | G55: Outlet front | H55: M19R | I55: {=IF(ISBLANK(H55),"",XLOOKUP(H55, BreakersTbl[Breaker Name], BreakersTbl[Breaker Box Name]))} -> Main | J55: =CHAR(10004) -> ✔ | K55: =+M55+O55+Q55+S55+U55+W55+Y55 -> 0 | M55: {=IF(ISBLANK(L55),"",XLOOKUP(L55, DeviceWattagesTbl[Device], DeviceWattagesTbl[Power]))} | O55: {=IF(ISBLANK(N55),"",XLOOKUP(N55, DeviceWattagesTbl[Device], DeviceWattagesTbl[Power]))} | Q55: {=IF(ISBLANK(P55),"",XLOOKUP(P55, DeviceWattagesTbl[Device], DeviceWattagesTbl[Power]))} | S55: {=IF(ISBLANK(R55),"",XLOOKUP(R55, DeviceWattagesTbl[Device], DeviceWattagesTbl[Power]))} | U55: {=IF(ISBLANK(T55),"",XLOOKUP(T55, DeviceWattagesTbl[Device], DeviceWattagesTbl[Power]))} | W55: {=IF(ISBLANK(V55),"",XLOOKUP(V55, DeviceWattagesTbl[Device], DeviceWattagesTbl[Power]))} | Y55: {=IF(ISBLANK(X55),"",XLOOKUP(X55, DeviceWattagesTbl[Device], DeviceWattagesTbl[Power]))}
A56: T | B56: {=IF(ISBLANK(A56),"",XLOOKUP(A56, FloorsTbl[Floor], FloorsTbl[Floor name]))} -> Top floor | C56: Wi | D56: {=IF(ISBLANK(C56),"",XLOOKUP(C56, RoomsTbl[Room], RoomsTbl[Room Name]))} -> William's bedroom | E56: O03 | F56: =IF(ISBLANK(E56),"",A56&"-"&C56&"-"&E56) -> T-Wi-O03 | G56: Outlet left front | H56: M19R | I56: {=IF(ISBLANK(H56),"",XLOOKUP(H56, BreakersTbl[Breaker Name], BreakersTbl[Breaker Box Name]))} -> Main | J56: =CHAR(10004) -> ✔ | K56: =+M56+O56+Q56+S56+U56+W56+Y56 -> 297 | L56: Computer Large | M56: {=IF(ISBLANK(L56),"",XLOOKUP(L56, DeviceWattagesTbl[Device], DeviceWattagesTbl[Power]))} -> 240 | N56: LED TV 42" | O56: {=IF(ISBLANK(N56),"",XLOOKUP(N56, DeviceWattagesTbl[Device], DeviceWattagesTbl[Power]))} -> 57 | Q56: {=IF(ISBLANK(P56),"",XLOOKUP(P56, DeviceWattagesTbl[Device], DeviceWattagesTbl[Power]))} | S56: {=IF(ISBLANK(R56),"",XLOOKUP(R56, DeviceWattagesTbl[Device], DeviceWattagesTbl[Power]))} | U56: {=IF(ISBLANK(T56),"",XLOOKUP(T56, DeviceWattagesTbl[Device], DeviceWattagesTbl[Power]))} | W56: {=IF(ISBLANK(V56),"",XLOOKUP(V56, DeviceWattagesTbl[Device], DeviceWattagesTbl[Power]))} | Y56: {=IF(ISBLANK(X56),"",XLOOKUP(X56, DeviceWattagesTbl[Device], DeviceWattagesTbl[Power]))}
A57: T | B57: {=IF(ISBLANK(A57),"",XLOOKUP(A57, FloorsTbl[Floor], FloorsTbl[Floor name]))} -> Top floor | C57: Wi | D57: {=IF(ISBLANK(C57),"",XLOOKUP(C57, RoomsTbl[Room], RoomsTbl[Room Name]))} -> William's bedroom | E57: O02 | F57: =IF(ISBLANK(E57),"",A57&"-"&C57&"-"&E57) -> T-Wi-O02 | G57: Outlet left back | H57: M19R | I57: {=IF(ISBLANK(H57),"",XLOOKUP(H57, BreakersTbl[Breaker Name], BreakersTbl[Breaker Box Name]))} -> Main | J57: =CHAR(10004) -> ✔ | K57: =+M57+O57+Q57+S57+U57+W57+Y57 -> 177 | L57: Computer Small | M57: {=IF(ISBLANK(L57),"",XLOOKUP(L57, DeviceWattagesTbl[Device], DeviceWattagesTbl[Power]))} -> 120 | N57: LED TV 42" | O57: {=IF(ISBLANK(N57),"",XLOOKUP(N57, DeviceWattagesTbl[Device], DeviceWattagesTbl[Power]))} -> 57 | Q57: {=IF(ISBLANK(P57),"",XLOOKUP(P57, DeviceWattagesTbl[Device], DeviceWattagesTbl[Power]))} | S57: {=IF(ISBLANK(R57),"",XLOOKUP(R57, DeviceWattagesTbl[Device], DeviceWattagesTbl[Power]))} | U57: {=IF(ISBLANK(T57),"",XLOOKUP(T57, DeviceWattagesTbl[Device], DeviceWattagesTbl[Power]))} | W57: {=IF(ISBLANK(V57),"",XLOOKUP(V57, DeviceWattagesTbl[Device], DeviceWattagesTbl[Power]))} | Y57: {=IF(ISBLANK(X57),"",XLOOKUP(X57, DeviceWattagesTbl[Device], DeviceWattagesTbl[Power]))}
A58: T | B58: {=IF(ISBLANK(A58),"",XLOOKUP(A58, FloorsTbl[Floor], FloorsTbl[Floor name]))} -> Top floor | C58: Wi | D58: {=IF(ISBLANK(C58),"",XLOOKUP(C58, RoomsTbl[Room], RoomsTbl[Room Name]))} -> William's bedroom | E58: O01 | F58: =IF(ISBLANK(E58),"",A58&"-"&C58&"-"&E58) -> T-Wi-O01 | G58: Outlet right of door | H58: M19R | I58: {=IF(ISBLANK(H58),"",XLOOKUP(H58, BreakersTbl[Breaker Name], BreakersTbl[Breaker Box Name]))} -> Main | J58: =CHAR(10004) -> ✔ | K58: =+M58+O58+Q58+S58+U58+W58+Y58 -> 0 | M58: {=IF(ISBLANK(L58),"",XLOOKUP(L58, DeviceWattagesTbl[Device], DeviceWattagesTbl[Power]))} | O58: {=IF(ISBLANK(N58),"",XLOOKUP(N58, DeviceWattagesTbl[Device], DeviceWattagesTbl[Power]))} | Q58: {=IF(ISBLANK(P58),"",XLOOKUP(P58, DeviceWattagesTbl[Device], DeviceWattagesTbl[Power]))} | S58: {=IF(ISBLANK(R58),"",XLOOKUP(R58, DeviceWattagesTbl[Device], DeviceWattagesTbl[Power]))} | U58: {=IF(ISBLANK(T58),"",XLOOKUP(T58, DeviceWattagesTbl[Device], DeviceWattagesTbl[Power]))} | W58: {=IF(ISBLANK(V58),"",XLOOKUP(V58, DeviceWattagesTbl[Device], DeviceWattagesTbl[Power]))} | Y58: {=IF(ISBLANK(X58),"",XLOOKUP(X58, DeviceWattagesTbl[Device], DeviceWattagesTbl[Power]))}
A59: T | B59: {=IF(ISBLANK(A59),"",XLOOKUP(A59, FloorsTbl[Floor], FloorsTbl[Floor name]))} -> Top floor | C59: Wi | D59: {=IF(ISBLANK(C59),"",XLOOKUP(C59, RoomsTbl[Room], RoomsTbl[Room Name]))} -> William's bedroom | E59: L02 | F59: =IF(ISBLANK(E59),"",A59&"-"&C59&"-"&E59) -> T-Wi-L02 | G59: Light closet | H59: M19R | I59: {=IF(ISBLANK(H59),"",XLOOKUP(H59, BreakersTbl[Breaker Name], BreakersTbl[Breaker Box Name]))} -> Main | J59: =CHAR(10004) -> ✔ | K59: =+M59+O59+Q59+S59+U59+W59+Y59 -> 30 | L59: LED Lamp | M59: {=IF(ISBLANK(L59),"",XLOOKUP(L59, DeviceWattagesTbl[Device], DeviceWattagesTbl[Power]))} -> 30 | O59: {=IF(ISBLANK(N59),"",XLOOKUP(N59, DeviceWattagesTbl[Device], DeviceWattagesTbl[Power]))} | Q59: {=IF(ISBLANK(P59),"",XLOOKUP(P59, DeviceWattagesTbl[Device], DeviceWattagesTbl[Power]))} | S59: {=IF(ISBLANK(R59),"",XLOOKUP(R59, DeviceWattagesTbl[Device], DeviceWattagesTbl[Power]))} | U59: {=IF(ISBLANK(T59),"",XLOOKUP(T59, DeviceWattagesTbl[Device], DeviceWattagesTbl[Power]))} | W59: {=IF(ISBLANK(V59),"",XLOOKUP(V59, DeviceWattagesTbl[Device], DeviceWattagesTbl[Power]))} | Y59: {=IF(ISBLANK(X59),"",XLOOKUP(X59, DeviceWattagesTbl[Device], DeviceWattagesTbl[Power]))}
A60: T | B60: {=IF(ISBLANK(A60),"",XLOOKUP(A60, FloorsTbl[Floor], FloorsTbl[Floor name]))} -> Top floor | C60: Wi | D60: {=IF(ISBLANK(C60),"",XLOOKUP(C60, RoomsTbl[Room], RoomsTbl[Room Name]))} -> William's bedroom | E60: L01 | F60: =IF(ISBLANK(E60),"",A60&"-"&C60&"-"&E60) -> T-Wi-L01 | G60: Light center | H60: M19R | I60: {=IF(ISBLANK(H60),"",XLOOKUP(H60, BreakersTbl[Breaker Name], BreakersTbl[Breaker Box Name]))} -> Main | J60: =CHAR(10004) -> ✔ | K60: =+M60+O60+Q60+S60+U60+W60+Y60 -> 0 | M60: {=IF(ISBLANK(L60),"",XLOOKUP(L60, DeviceWattagesTbl[Device], DeviceWattagesTbl[Power]))} | O60: {=IF(ISBLANK(N60),"",XLOOKUP(N60, DeviceWattagesTbl[Device], DeviceWattagesTbl[Power]))} | Q60: {=IF(ISBLANK(P60),"",XLOOKUP(P60, DeviceWattagesTbl[Device], DeviceWattagesTbl[Power]))} | S60: {=IF(ISBLANK(R60),"",XLOOKUP(R60, DeviceWattagesTbl[Device], DeviceWattagesTbl[Power]))} | U60: {=IF(ISBLANK(T60),"",XLOOKUP(T60, DeviceWattagesTbl[Device], DeviceWattagesTbl[Power]))} | W60: {=IF(ISBLANK(V60),"",XLOOKUP(V60, DeviceWattagesTbl[Device], DeviceWattagesTbl[Power]))} | Y60: {=IF(ISBLANK(X60),"",XLOOKUP(X60, DeviceWattagesTbl[Device], DeviceWattagesTbl[Power]))}
A61: T | B61: {=IF(ISBLANK(A61),"",XLOOKUP(A61, FloorsTbl[Floor], FloorsTbl[Floor name]))} -> Top floor | C61: La | D61: {=IF(ISBLANK(C61),"",XLOOKUP(C61, RoomsTbl[Room], RoomsTbl[Room Name]))} -> Laundry | E61: O01 | F61: =IF(ISBLANK(E61),"",A61&"-"&C61&"-"&E61) -> T-La-O01 | G61: Outlet 240 Dryer | H61: M5+7 | I61: =IF(ISBLANK(H61),"",VLOOKUP(H61,Breakers!$B$2:$C$44,2)) -> Main | J61: =CHAR(10004) -> ✔ | K61: =+M61+O61+Q61+S61+U61+W61+Y61 -> #N/A | L61: Dryer | M61: {=IF(ISBLANK(L61),"",XLOOKUP(L61, DeviceWattagesTbl[Device], DeviceWattagesTbl[Power]))} -> #N/A | O61: {=IF(ISBLANK(N61),"",XLOOKUP(N61, DeviceWattagesTbl[Device], DeviceWattagesTbl[Power]))} | Q61: {=IF(ISBLANK(P61),"",XLOOKUP(P61, DeviceWattagesTbl[Device], DeviceWattagesTbl[Power]))} | S61: {=IF(ISBLANK(R61),"",XLOOKUP(R61, DeviceWattagesTbl[Device], DeviceWattagesTbl[Power]))} | U61: {=IF(ISBLANK(T61),"",XLOOKUP(T61, DeviceWattagesTbl[Device], DeviceWattagesTbl[Power]))} | W61: {=IF(ISBLANK(V61),"",XLOOKUP(V61, DeviceWattagesTbl[Device], DeviceWattagesTbl[Power]))} | Y61: {=IF(ISBLANK(X61),"",XLOOKUP(X61, DeviceWattagesTbl[Device], DeviceWattagesTbl[Power]))}
A62: T | B62: {=IF(ISBLANK(A62),"",XLOOKUP(A62, FloorsTbl[Floor], FloorsTbl[Floor name]))} -> Top floor | C62: MB | D62: {=IF(ISBLANK(C62),"",XLOOKUP(C62, RoomsTbl[Room], RoomsTbl[Room Name]))} -> Master Bathroom | E62: O03 | F62: =IF(ISBLANK(E62),"",A62&"-"&C62&"-"&E62) -> T-MB-O03 | G62: Outlet toilet | H62: U12B | I62: {=IF(ISBLANK(H62),"",XLOOKUP(H62, Breakers!$B$2:$B$45, Breakers!$C$2:$C$45))} -> Utility Subpanel | J62: =CHAR(10004) -> ✔ | K62: =+M62+O62+Q62+S62+U62+W62+Y62 -> 1000 | L62: Toto Toilet Seat | M62: {=IF(ISBLANK(L62),"",XLOOKUP(L62, DeviceWattagesTbl[Device], DeviceWattagesTbl[Power]))} -> 1000 | O62: {=IF(ISBLANK(N62),"",XLOOKUP(N62, DeviceWattagesTbl[Device], DeviceWattagesTbl[Power]))} | Q62: {=IF(ISBLANK(P62),"",XLOOKUP(P62, DeviceWattagesTbl[Device], DeviceWattagesTbl[Power]))} | S62: {=IF(ISBLANK(R62),"",XLOOKUP(R62, DeviceWattagesTbl[Device], DeviceWattagesTbl[Power]))} | U62: {=IF(ISBLANK(T62),"",XLOOKUP(T62, DeviceWattagesTbl[Device], DeviceWattagesTbl[Power]))} | W62: {=IF(ISBLANK(V62),"",XLOOKUP(V62, DeviceWattagesTbl[Device], DeviceWattagesTbl[Power]))} | Y62: {=IF(ISBLANK(X62),"",XLOOKUP(X62, DeviceWattagesTbl[Device], DeviceWattagesTbl[Power]))}
A63: T | B63: {=IF(ISBLANK(A63),"",XLOOKUP(A63, FloorsTbl[Floor], FloorsTbl[Floor name]))} -> Top floor | C63: MB | D63: {=IF(ISBLANK(C63),"",XLOOKUP(C63, RoomsTbl[Room], RoomsTbl[Room Name]))} -> Master Bathroom | E63: O02 | F63: =IF(ISBLANK(E63),"",A63&"-"&C63&"-"&E63) -> T-MB-O02 | G63: Outlet back right | H63: U12B | I63: =IF(ISBLANK(H63),"",VLOOKUP(H63,Breakers!$B$2:$C$44,2)) -> Utility Subpanel | J63: =CHAR(10004) -> ✔ | K63: =+M63+O63+Q63+S63+U63+W63+Y63 -> 0 | M63: {=IF(ISBLANK(L63),"",XLOOKUP(L63, DeviceWattagesTbl[Device], DeviceWattagesTbl[Power]))} | O63: {=IF(ISBLANK(N63),"",XLOOKUP(N63, DeviceWattagesTbl[Device], DeviceWattagesTbl[Power]))} | Q63: {=IF(ISBLANK(P63),"",XLOOKUP(P63, DeviceWattagesTbl[Device], DeviceWattagesTbl[Power]))} | S63: {=IF(ISBLANK(R63),"",XLOOKUP(R63, DeviceWattagesTbl[Device], DeviceWattagesTbl[Power]))} | U63: {=IF(ISBLANK(T63),"",XLOOKUP(T63, DeviceWattagesTbl[Device], DeviceWattagesTbl[Power]))} | W63: {=IF(ISBLANK(V63),"",XLOOKUP(V63, DeviceWattagesTbl[Device], DeviceWattagesTbl[Power]))} | Y63: {=IF(ISBLANK(X63),"",XLOOKUP(X63, DeviceWattagesTbl[Device], DeviceWattagesTbl[Power]))}
A64: T | B64: {=IF(ISBLANK(A64),"",XLOOKUP(A64, FloorsTbl[Floor], FloorsTbl[Floor name]))} -> Top floor | C64: MB | D64: {=IF(ISBLANK(C64),"",XLOOKUP(C64, RoomsTbl[Room], RoomsTbl[Room Name]))} -> Master Bathroom | E64: O01 | F64: =IF(ISBLANK(E64),"",A64&"-"&C64&"-"&E64) -> T-MB-O01 | G64: Outlet back left | H64: U12B | I64: =IF(ISBLANK(H64),"",VLOOKUP(H64,Breakers!$B$2:$C$44,2)) -> Utility Subpanel | J64: =CHAR(10004) -> ✔ | K64: =+M64+O64+Q64+S64+U64+W64+Y64 -> 0 | M64: {=IF(ISBLANK(L64),"",XLOOKUP(L64, DeviceWattagesTbl[Device], DeviceWattagesTbl[Power]))} | O64: {=IF(ISBLANK(N64),"",XLOOKUP(N64, DeviceWattagesTbl[Device], DeviceWattagesTbl[Power]))} | Q64: {=IF(ISBLANK(P64),"",XLOOKUP(P64, DeviceWattagesTbl[Device], DeviceWattagesTbl[Power]))} | S64: {=IF(ISBLANK(R64),"",XLOOKUP(R64, DeviceWattagesTbl[Device], DeviceWattagesTbl[Power]))} | U64: {=IF(ISBLANK(T64),"",XLOOKUP(T64, DeviceWattagesTbl[Device], DeviceWattagesTbl[Power]))} | W64: {=IF(ISBLANK(V64),"",XLOOKUP(V64, DeviceWattagesTbl[Device], DeviceWattagesTbl[Power]))} | Y64: {=IF(ISBLANK(X64),"",XLOOKUP(X64, DeviceWattagesTbl[Device], DeviceWattagesTbl[Power]))}
A65: F | B65: {=IF(ISBLANK(A65),"",XLOOKUP(A65, FloorsTbl[Floor], FloorsTbl[Floor name]))} -> First floor | C65: PR | D65: {=IF(ISBLANK(C65),"",XLOOKUP(C65, RoomsTbl[Room], RoomsTbl[Room Name]))} -> Piano room | E65: O03 | F65: =IF(ISBLANK(E65),"",A65&"-"&C65&"-"&E65) -> F-PR-O03 | G65: Outlet back | H65: M13R | I65: =IF(ISBLANK(H65),"",VLOOKUP(H65,Breakers!$B$2:$C$44,2)) -> Main | J65: =CHAR(10004) -> ✔ | K65: =+M65+O65+Q65+S65+U65+W65+Y65 -> 0 | M65: {=IF(ISBLANK(L65),"",XLOOKUP(L65, DeviceWattagesTbl[Device], DeviceWattagesTbl[Power]))} | O65: {=IF(ISBLANK(N65),"",XLOOKUP(N65, DeviceWattagesTbl[Device], DeviceWattagesTbl[Power]))} | Q65: {=IF(ISBLANK(P65),"",XLOOKUP(P65, DeviceWattagesTbl[Device], DeviceWattagesTbl[Power]))} | S65: {=IF(ISBLANK(R65),"",XLOOKUP(R65, DeviceWattagesTbl[Device], DeviceWattagesTbl[Power]))} | U65: {=IF(ISBLANK(T65),"",XLOOKUP(T65, DeviceWattagesTbl[Device], DeviceWattagesTbl[Power]))} | W65: {=IF(ISBLANK(V65),"",XLOOKUP(V65, DeviceWattagesTbl[Device], DeviceWattagesTbl[Power]))} | Y65: {=IF(ISBLANK(X65),"",XLOOKUP(X65, DeviceWattagesTbl[Device], DeviceWattagesTbl[Power]))}
A66: F | B66: {=IF(ISBLANK(A66),"",XLOOKUP(A66, FloorsTbl[Floor], FloorsTbl[Floor name]))} -> First floor | C66: PR | D66: {=IF(ISBLANK(C66),"",XLOOKUP(C66, RoomsTbl[Room], RoomsTbl[Room Name]))} -> Piano room | E66: O02 | F66: =IF(ISBLANK(E66),"",A66&"-"&C66&"-"&E66) -> F-PR-O02 | G66: Outlet right | H66: M13R | I66: =IF(ISBLANK(H66),"",VLOOKUP(H66,Breakers!$B$2:$C$44,2)) -> Main | J66: =CHAR(10004) -> ✔ | K66: =+M66+O66+Q66+S66+U66+W66+Y66 -> 0 | M66: {=IF(ISBLANK(L66),"",XLOOKUP(L66, DeviceWattagesTbl[Device], DeviceWattagesTbl[Power]))} | O66: {=IF(ISBLANK(N66),"",XLOOKUP(N66, DeviceWattagesTbl[Device], DeviceWattagesTbl[Power]))} | Q66: {=IF(ISBLANK(P66),"",XLOOKUP(P66, DeviceWattagesTbl[Device], DeviceWattagesTbl[Power]))} | S66: {=IF(ISBLANK(R66),"",XLOOKUP(R66, DeviceWattagesTbl[Device], DeviceWattagesTbl[Power]))} | U66: {=IF(ISBLANK(T66),"",XLOOKUP(T66, DeviceWattagesTbl[Device], DeviceWattagesTbl[Power]))} | W66: {=IF(ISBLANK(V66),"",XLOOKUP(V66, DeviceWattagesTbl[Device], DeviceWattagesTbl[Power]))} | Y66: {=IF(ISBLANK(X66),"",XLOOKUP(X66, DeviceWattagesTbl[Device], DeviceWattagesTbl[Power]))}
A67: F | B67: {=IF(ISBLANK(A67),"",XLOOKUP(A67, FloorsTbl[Floor], FloorsTbl[Floor name]))} -> First floor | C67: PR | D67: {=IF(ISBLANK(C67),"",XLOOKUP(C67, RoomsTbl[Room], RoomsTbl[Room Name]))} -> Piano room | E67: O01 | F67: =IF(ISBLANK(E67),"",A67&"-"&C67&"-"&E67) -> F-PR-O01 | G67: Outlet front | H67: M13R | I67: =IF(ISBLANK(H67),"",VLOOKUP(H67,Breakers!$B$2:$C$44,2)) -> Main | J67: =CHAR(10004) -> ✔ | K67: =+M67+O67+Q67+S67+U67+W67+Y67 -> 0 | M67: {=IF(ISBLANK(L67),"",XLOOKUP(L67, DeviceWattagesTbl[Device], DeviceWattagesTbl[Power]))} | O67: {=IF(ISBLANK(N67),"",XLOOKUP(N67, DeviceWattagesTbl[Device], DeviceWattagesTbl[Power]))} | Q67: {=IF(ISBLANK(P67),"",XLOOKUP(P67, DeviceWattagesTbl[Device], DeviceWattagesTbl[Power]))} | S67: {=IF(ISBLANK(R67),"",XLOOKUP(R67, DeviceWattagesTbl[Device], DeviceWattagesTbl[Power]))} | U67: {=IF(ISBLANK(T67),"",XLOOKUP(T67, DeviceWattagesTbl[Device], DeviceWattagesTbl[Power]))} | W67: {=IF(ISBLANK(V67),"",XLOOKUP(V67, DeviceWattagesTbl[Device], DeviceWattagesTbl[Power]))} | Y67: {=IF(ISBLANK(X67),"",XLOOKUP(X67, DeviceWattagesTbl[Device], DeviceWattagesTbl[Power]))}
A68: F | B68: {=IF(ISBLANK(A68),"",XLOOKUP(A68, FloorsTbl[Floor], FloorsTbl[Floor name]))} -> First floor | C68: PR | D68: {=IF(ISBLANK(C68),"",XLOOKUP(C68, RoomsTbl[Room], RoomsTbl[Room Name]))} -> Piano room | E68: L02 | F68: =IF(ISBLANK(E68),"",A68&"-"&C68&"-"&E68) -> F-PR-L02 | G68: Lights right most | H68: M20 | I68: =IF(ISBLANK(H68),"",VLOOKUP(H68,Breakers!$B$2:$C$44,2)) -> Main | J68: =CHAR(10004) -> ✔ | K68: =+M68+O68+Q68+S68+U68+W68+Y68 -> 60 | L68: LED Lamp | M68: {=IF(ISBLANK(L68),"",XLOOKUP(L68, DeviceWattagesTbl[Device], DeviceWattagesTbl[Power]))} -> 30 | N68: LED Lamp | O68: {=IF(ISBLANK(N68),"",XLOOKUP(N68, DeviceWattagesTbl[Device], DeviceWattagesTbl[Power]))} -> 30 | Q68: {=IF(ISBLANK(P68),"",XLOOKUP(P68, DeviceWattagesTbl[Device], DeviceWattagesTbl[Power]))} | S68: {=IF(ISBLANK(R68),"",XLOOKUP(R68, DeviceWattagesTbl[Device], DeviceWattagesTbl[Power]))} | U68: {=IF(ISBLANK(T68),"",XLOOKUP(T68, DeviceWattagesTbl[Device], DeviceWattagesTbl[Power]))} | W68: {=IF(ISBLANK(V68),"",XLOOKUP(V68, DeviceWattagesTbl[Device], DeviceWattagesTbl[Power]))} | Y68: {=IF(ISBLANK(X68),"",XLOOKUP(X68, DeviceWattagesTbl[Device], DeviceWattagesTbl[Power]))}
A69: F | B69: {=IF(ISBLANK(A69),"",XLOOKUP(A69, FloorsTbl[Floor], FloorsTbl[Floor name]))} -> First floor | C69: PR | D69: {=IF(ISBLANK(C69),"",XLOOKUP(C69, RoomsTbl[Room], RoomsTbl[Room Name]))} -> Piano room | E69: L01 | F69: =IF(ISBLANK(E69),"",A69&"-"&C69&"-"&E69) -> F-PR-L01 | G69: Lights left most | H69: M20 | I69: =IF(ISBLANK(H69),"",VLOOKUP(H69,Breakers!$B$2:$C$44,2)) -> Main | J69: =CHAR(10004) -> ✔ | K69: =+M69+O69+Q69+S69+U69+W69+Y69 -> 60 | L69: LED Lamp | M69: {=IF(ISBLANK(L69),"",XLOOKUP(L69, DeviceWattagesTbl[Device], DeviceWattagesTbl[Power]))} -> 30 | N69: LED Lamp | O69: {=IF(ISBLANK(N69),"",XLOOKUP(N69, DeviceWattagesTbl[Device], DeviceWattagesTbl[Power]))} -> 30 | Q69: {=IF(ISBLANK(P69),"",XLOOKUP(P69, DeviceWattagesTbl[Device], DeviceWattagesTbl[Power]))} | S69: {=IF(ISBLANK(R69),"",XLOOKUP(R69, DeviceWattagesTbl[Device], DeviceWattagesTbl[Power]))} | U69: {=IF(ISBLANK(T69),"",XLOOKUP(T69, DeviceWattagesTbl[Device], DeviceWattagesTbl[Power]))} | W69: {=IF(ISBLANK(V69),"",XLOOKUP(V69, DeviceWattagesTbl[Device], DeviceWattagesTbl[Power]))} | Y69: {=IF(ISBLANK(X69),"",XLOOKUP(X69, DeviceWattagesTbl[Device], DeviceWattagesTbl[Power]))}
A70: F | B70: {=IF(ISBLANK(A70),"",XLOOKUP(A70, FloorsTbl[Floor], FloorsTbl[Floor name]))} -> First floor | C70: Po | D70: {=IF(ISBLANK(C70),"",XLOOKUP(C70, RoomsTbl[Room], RoomsTbl[Room Name]))} -> Porch | E70: O01 | F70: =IF(ISBLANK(E70),"",A70&"-"&C70&"-"&E70) -> F-Po-O01 | G70: Porch outlet | H70: M17 | I70: =IF(ISBLANK(H70),"",VLOOKUP(H70,Breakers!$B$2:$C$44,2)) -> Main | J70: =CHAR(10004) -> ✔ | K70: =+M70+O70+Q70+S70+U70+W70+Y70 -> 0 | M70: {=IF(ISBLANK(L70),"",XLOOKUP(L70, DeviceWattagesTbl[Device], DeviceWattagesTbl[Power]))} | O70: {=IF(ISBLANK(N70),"",XLOOKUP(N70, DeviceWattagesTbl[Device], DeviceWattagesTbl[Power]))} | Q70: {=IF(ISBLANK(P70),"",XLOOKUP(P70, DeviceWattagesTbl[Device], DeviceWattagesTbl[Power]))} | S70: {=IF(ISBLANK(R70),"",XLOOKUP(R70, DeviceWattagesTbl[Device], DeviceWattagesTbl[Power]))} | U70: {=IF(ISBLANK(T70),"",XLOOKUP(T70, DeviceWattagesTbl[Device], DeviceWattagesTbl[Power]))} | W70: {=IF(ISBLANK(V70),"",XLOOKUP(V70, DeviceWattagesTbl[Device], DeviceWattagesTbl[Power]))} | Y70: {=IF(ISBLANK(X70),"",XLOOKUP(X70, DeviceWattagesTbl[Device], DeviceWattagesTbl[Power]))}
A71: F | B71: {=IF(ISBLANK(A71),"",XLOOKUP(A71, FloorsTbl[Floor], FloorsTbl[Floor name]))} -> First floor | C71: Po | D71: {=IF(ISBLANK(C71),"",XLOOKUP(C71, RoomsTbl[Room], RoomsTbl[Room Name]))} -> Porch | E71: L01 | F71: =IF(ISBLANK(E71),"",A71&"-"&C71&"-"&E71) -> F-Po-L01 | G71: Porch light | H71: M17 | I71: =IF(ISBLANK(H71),"",VLOOKUP(H71,Breakers!$B$2:$C$44,2)) -> Main | J71: =CHAR(10004) -> ✔ | K71: =+M71+O71+Q71+S71+U71+W71+Y71 -> 30 | L71: LED Lamp | M71: {=IF(ISBLANK(L71),"",XLOOKUP(L71, DeviceWattagesTbl[Device], DeviceWattagesTbl[Power]))} -> 30 | O71: {=IF(ISBLANK(N71),"",XLOOKUP(N71, DeviceWattagesTbl[Device], DeviceWattagesTbl[Power]))} | Q71: {=IF(ISBLANK(P71),"",XLOOKUP(P71, DeviceWattagesTbl[Device], DeviceWattagesTbl[Power]))} | S71: {=IF(ISBLANK(R71),"",XLOOKUP(R71, DeviceWattagesTbl[Device], DeviceWattagesTbl[Power]))} | U71: {=IF(ISBLANK(T71),"",XLOOKUP(T71, DeviceWattagesTbl[Device], DeviceWattagesTbl[Power]))} | W71: {=IF(ISBLANK(V71),"",XLOOKUP(V71, DeviceWattagesTbl[Device], DeviceWattagesTbl[Power]))} | Y71: {=IF(ISBLANK(X71),"",XLOOKUP(X71, DeviceWattagesTbl[Device], DeviceWattagesTbl[Power]))}
A72: F | B72: {=IF(ISBLANK(A72),"",XLOOKUP(A72, FloorsTbl[Floor], FloorsTbl[Floor name]))} -> First floor | C72: LR | D72: {=IF(ISBLANK(C72),"",XLOOKUP(C72, RoomsTbl[Room], RoomsTbl[Room Name]))} -> Living Room | E72: O09 | F72: =IF(ISBLANK(E72),"",A72&"-"&C72&"-"&E72) -> F-LR-O09 | G72: Outlet front middle | H72: M20 | I72: =IF(ISBLANK(H72),"",VLOOKUP(H72,Breakers!$B$2:$C$44,2)) -> Main | J72: =CHAR(10004) -> ✔ | K72: =+M72+O72+Q72+S72+U72+W72+Y72 -> 0 | M72: {=IF(ISBLANK(L72),"",XLOOKUP(L72, DeviceWattagesTbl[Device], DeviceWattagesTbl[Power]))} | O72: {=IF(ISBLANK(N72),"",XLOOKUP(N72, DeviceWattagesTbl[Device], DeviceWattagesTbl[Power]))} | Q72: {=IF(ISBLANK(P72),"",XLOOKUP(P72, DeviceWattagesTbl[Device], DeviceWattagesTbl[Power]))} | S72: {=IF(ISBLANK(R72),"",XLOOKUP(R72, DeviceWattagesTbl[Device], DeviceWattagesTbl[Power]))} | U72: {=IF(ISBLANK(T72),"",XLOOKUP(T72, DeviceWattagesTbl[Device], DeviceWattagesTbl[Power]))} | W72: {=IF(ISBLANK(V72),"",XLOOKUP(V72, DeviceWattagesTbl[Device], DeviceWattagesTbl[Power]))} | Y72: {=IF(ISBLANK(X72),"",XLOOKUP(X72, DeviceWattagesTbl[Device], DeviceWattagesTbl[Power]))}
A73: F | B73: {=IF(ISBLANK(A73),"",XLOOKUP(A73, FloorsTbl[Floor], FloorsTbl[Floor name]))} -> First floor | C73: LR | D73: {=IF(ISBLANK(C73),"",XLOOKUP(C73, RoomsTbl[Room], RoomsTbl[Room Name]))} -> Living Room | E73: O08 | F73: =IF(ISBLANK(E73),"",A73&"-"&C73&"-"&E73) -> F-LR-O08 | G73: Outlet left front most | H73: M20 | I73: =IF(ISBLANK(H73),"",VLOOKUP(H73,Breakers!$B$2:$C$44,2)) -> Main | J73: =CHAR(10004) -> ✔ | K73: =+M73+O73+Q73+S73+U73+W73+Y73 -> 0 | M73: {=IF(ISBLANK(L73),"",XLOOKUP(L73, DeviceWattagesTbl[Device], DeviceWattagesTbl[Power]))} | O73: {=IF(ISBLANK(N73),"",XLOOKUP(N73, DeviceWattagesTbl[Device], DeviceWattagesTbl[Power]))} | Q73: {=IF(ISBLANK(P73),"",XLOOKUP(P73, DeviceWattagesTbl[Device], DeviceWattagesTbl[Power]))} | S73: {=IF(ISBLANK(R73),"",XLOOKUP(R73, DeviceWattagesTbl[Device], DeviceWattagesTbl[Power]))} | U73: {=IF(ISBLANK(T73),"",XLOOKUP(T73, DeviceWattagesTbl[Device], DeviceWattagesTbl[Power]))} | W73: {=IF(ISBLANK(V73),"",XLOOKUP(V73, DeviceWattagesTbl[Device], DeviceWattagesTbl[Power]))} | Y73: {=IF(ISBLANK(X73),"",XLOOKUP(X73, DeviceWattagesTbl[Device], DeviceWattagesTbl[Power]))}
A74: F | B74: {=IF(ISBLANK(A74),"",XLOOKUP(A74, FloorsTbl[Floor], FloorsTbl[Floor name]))} -> First floor | C74: LR | D74: {=IF(ISBLANK(C74),"",XLOOKUP(C74, RoomsTbl[Room], RoomsTbl[Room Name]))} -> Living Room | E74: O07 | F74: =IF(ISBLANK(E74),"",A74&"-"&C74&"-"&E74) -> F-LR-O07 | G74: Outlet left front of divider | H74: M20 | I74: =IF(ISBLANK(H74),"",VLOOKUP(H74,Breakers!$B$2:$C$44,2)) -> Main | J74: =CHAR(10004) -> ✔ | K74: =+M74+O74+Q74+S74+U74+W74+Y74 -> 0 | M74: {=IF(ISBLANK(L74),"",XLOOKUP(L74, DeviceWattagesTbl[Device], DeviceWattagesTbl[Power]))} | O74: {=IF(ISBLANK(N74),"",XLOOKUP(N74, DeviceWattagesTbl[Device], DeviceWattagesTbl[Power]))} | Q74: {=IF(ISBLANK(P74),"",XLOOKUP(P74, DeviceWattagesTbl[Device], DeviceWattagesTbl[Power]))} | S74: {=IF(ISBLANK(R74),"",XLOOKUP(R74, DeviceWattagesTbl[Device], DeviceWattagesTbl[Power]))} | U74: {=IF(ISBLANK(T74),"",XLOOKUP(T74, DeviceWattagesTbl[Device], DeviceWattagesTbl[Power]))} | W74: {=IF(ISBLANK(V74),"",XLOOKUP(V74, DeviceWattagesTbl[Device], DeviceWattagesTbl[Power]))} | Y74: {=IF(ISBLANK(X74),"",XLOOKUP(X74, DeviceWattagesTbl[Device], DeviceWattagesTbl[Power]))}
A75: F | B75: {=IF(ISBLANK(A75),"",XLOOKUP(A75, FloorsTbl[Floor], FloorsTbl[Floor name]))} -> First floor | C75: LR | D75: {=IF(ISBLANK(C75),"",XLOOKUP(C75, RoomsTbl[Room], RoomsTbl[Room Name]))} -> Living Room | E75: O06 | F75: =IF(ISBLANK(E75),"",A75&"-"&C75&"-"&E75) -> F-LR-O06 | G75: Outlet left front of fireplace | H75: M17 | I75: =IF(ISBLANK(H75),"",VLOOKUP(H75,Breakers!$B$2:$C$44,2)) -> Main | J75: =CHAR(10004) -> ✔ | K75: =+M75+O75+Q75+S75+U75+W75+Y75 -> 0 | M75: {=IF(ISBLANK(L75),"",XLOOKUP(L75, DeviceWattagesTbl[Device], DeviceWattagesTbl[Power]))} | O75: {=IF(ISBLANK(N75),"",XLOOKUP(N75, DeviceWattagesTbl[Device], DeviceWattagesTbl[Power]))} | Q75: {=IF(ISBLANK(P75),"",XLOOKUP(P75, DeviceWattagesTbl[Device], DeviceWattagesTbl[Power]))} | S75: {=IF(ISBLANK(R75),"",XLOOKUP(R75, DeviceWattagesTbl[Device], DeviceWattagesTbl[Power]))} | U75: {=IF(ISBLANK(T75),"",XLOOKUP(T75, DeviceWattagesTbl[Device], DeviceWattagesTbl[Power]))} | W75: {=IF(ISBLANK(V75),"",XLOOKUP(V75, DeviceWattagesTbl[Device], DeviceWattagesTbl[Power]))} | Y75: {=IF(ISBLANK(X75),"",XLOOKUP(X75, DeviceWattagesTbl[Device], DeviceWattagesTbl[Power]))}
A76: F | B76: {=IF(ISBLANK(A76),"",XLOOKUP(A76, FloorsTbl[Floor], FloorsTbl[Floor name]))} -> First floor | C76: LR | D76: {=IF(ISBLANK(C76),"",XLOOKUP(C76, RoomsTbl[Room], RoomsTbl[Room Name]))} -> Living Room | E76: O05 | F76: =IF(ISBLANK(E76),"",A76&"-"&C76&"-"&E76) -> F-LR-O05 | G76: Outlet left back | H76: M17 | I76: =IF(ISBLANK(H76),"",VLOOKUP(H76,Breakers!$B$2:$C$44,2)) -> Main | J76: =CHAR(10004) -> ✔ | K76: =+M76+O76+Q76+S76+U76+W76+Y76 -> 288 | L76: LED TV 60" | M76: {=IF(ISBLANK(L76),"",XLOOKUP(L76, DeviceWattagesTbl[Device], DeviceWattagesTbl[Power]))} -> 88 | N76: Stereo | O76: {=IF(ISBLANK(N76),"",XLOOKUP(N76, DeviceWattagesTbl[Device], DeviceWattagesTbl[Power]))} -> 200 | Q76: {=IF(ISBLANK(P76),"",XLOOKUP(P76, DeviceWattagesTbl[Device], DeviceWattagesTbl[Power]))} | S76: {=IF(ISBLANK(R76),"",XLOOKUP(R76, DeviceWattagesTbl[Device], DeviceWattagesTbl[Power]))} | U76: {=IF(ISBLANK(T76),"",XLOOKUP(T76, DeviceWattagesTbl[Device], DeviceWattagesTbl[Power]))} | W76: {=IF(ISBLANK(V76),"",XLOOKUP(V76, DeviceWattagesTbl[Device], DeviceWattagesTbl[Power]))} | Y76: {=IF(ISBLANK(X76),"",XLOOKUP(X76, DeviceWattagesTbl[Device], DeviceWattagesTbl[Power]))}
A77: F | B77: {=IF(ISBLANK(A77),"",XLOOKUP(A77, FloorsTbl[Floor], FloorsTbl[Floor name]))} -> First floor | C77: LR | D77: {=IF(ISBLANK(C77),"",XLOOKUP(C77, RoomsTbl[Room], RoomsTbl[Room Name]))} -> Living Room | E77: O04 | F77: =IF(ISBLANK(E77),"",A77&"-"&C77&"-"&E77) -> F-LR-O04 | G77: Outlet back left | H77: M17 | I77: =IF(ISBLANK(H77),"",VLOOKUP(H77,Breakers!$B$2:$C$44,2)) -> Main | J77: =CHAR(10004) -> ✔ | K77: =+M77+O77+Q77+S77+U77+W77+Y77 -> 0 | M77: {=IF(ISBLANK(L77),"",XLOOKUP(L77, DeviceWattagesTbl[Device], DeviceWattagesTbl[Power]))} | O77: {=IF(ISBLANK(N77),"",XLOOKUP(N77, DeviceWattagesTbl[Device], DeviceWattagesTbl[Power]))} | Q77: {=IF(ISBLANK(P77),"",XLOOKUP(P77, DeviceWattagesTbl[Device], DeviceWattagesTbl[Power]))} | S77: {=IF(ISBLANK(R77),"",XLOOKUP(R77, DeviceWattagesTbl[Device], DeviceWattagesTbl[Power]))} | U77: {=IF(ISBLANK(T77),"",XLOOKUP(T77, DeviceWattagesTbl[Device], DeviceWattagesTbl[Power]))} | W77: {=IF(ISBLANK(V77),"",XLOOKUP(V77, DeviceWattagesTbl[Device], DeviceWattagesTbl[Power]))} | Y77: {=IF(ISBLANK(X77),"",XLOOKUP(X77, DeviceWattagesTbl[Device], DeviceWattagesTbl[Power]))}
A78: F | B78: {=IF(ISBLANK(A78),"",XLOOKUP(A78, FloorsTbl[Floor], FloorsTbl[Floor name]))} -> First floor | C78: LR | D78: {=IF(ISBLANK(C78),"",XLOOKUP(C78, RoomsTbl[Room], RoomsTbl[Room Name]))} -> Living Room | E78: O03 | F78: =IF(ISBLANK(E78),"",A78&"-"&C78&"-"&E78) -> F-LR-O03 | G78: Outlet back right | H78: M17 | I78: =IF(ISBLANK(H78),"",VLOOKUP(H78,Breakers!$B$2:$C$44,2)) -> Main | J78: =CHAR(10004) -> ✔ | K78: =+M78+O78+Q78+S78+U78+W78+Y78 -> 0 | M78: {=IF(ISBLANK(L78),"",XLOOKUP(L78, DeviceWattagesTbl[Device], DeviceWattagesTbl[Power]))} | O78: {=IF(ISBLANK(N78),"",XLOOKUP(N78, DeviceWattagesTbl[Device], DeviceWattagesTbl[Power]))} | Q78: {=IF(ISBLANK(P78),"",XLOOKUP(P78, DeviceWattagesTbl[Device], DeviceWattagesTbl[Power]))} | S78: {=IF(ISBLANK(R78),"",XLOOKUP(R78, DeviceWattagesTbl[Device], DeviceWattagesTbl[Power]))} | U78: {=IF(ISBLANK(T78),"",XLOOKUP(T78, DeviceWattagesTbl[Device], DeviceWattagesTbl[Power]))} | W78: {=IF(ISBLANK(V78),"",XLOOKUP(V78, DeviceWattagesTbl[Device], DeviceWattagesTbl[Power]))} | Y78: {=IF(ISBLANK(X78),"",XLOOKUP(X78, DeviceWattagesTbl[Device], DeviceWattagesTbl[Power]))}
A79: F | B79: {=IF(ISBLANK(A79),"",XLOOKUP(A79, FloorsTbl[Floor], FloorsTbl[Floor name]))} -> First floor | C79: LR | D79: {=IF(ISBLANK(C79),"",XLOOKUP(C79, RoomsTbl[Room], RoomsTbl[Room Name]))} -> Living Room | E79: O02 | F79: =IF(ISBLANK(E79),"",A79&"-"&C79&"-"&E79) -> F-LR-O02 | G79: Outlet right back | H79: M17 | I79: =IF(ISBLANK(H79),"",VLOOKUP(H79,Breakers!$B$2:$C$44,2)) -> Main | J79: =CHAR(10004) -> ✔ | K79: =+M79+O79+Q79+S79+U79+W79+Y79 -> 0 | M79: {=IF(ISBLANK(L79),"",XLOOKUP(L79, DeviceWattagesTbl[Device], DeviceWattagesTbl[Power]))} | O79: {=IF(ISBLANK(N79),"",XLOOKUP(N79, DeviceWattagesTbl[Device], DeviceWattagesTbl[Power]))} | Q79: {=IF(ISBLANK(P79),"",XLOOKUP(P79, DeviceWattagesTbl[Device], DeviceWattagesTbl[Power]))} | S79: {=IF(ISBLANK(R79),"",XLOOKUP(R79, DeviceWattagesTbl[Device], DeviceWattagesTbl[Power]))} | U79: {=IF(ISBLANK(T79),"",XLOOKUP(T79, DeviceWattagesTbl[Device], DeviceWattagesTbl[Power]))} | W79: {=IF(ISBLANK(V79),"",XLOOKUP(V79, DeviceWattagesTbl[Device], DeviceWattagesTbl[Power]))} | Y79: {=IF(ISBLANK(X79),"",XLOOKUP(X79, DeviceWattagesTbl[Device], DeviceWattagesTbl[Power]))}
A80: F | B80: {=IF(ISBLANK(A80),"",XLOOKUP(A80, FloorsTbl[Floor], FloorsTbl[Floor name]))} -> First floor | C80: LR | D80: {=IF(ISBLANK(C80),"",XLOOKUP(C80, RoomsTbl[Room], RoomsTbl[Room Name]))} -> Living Room | E80: O01 | F80: =IF(ISBLANK(E80),"",A80&"-"&C80&"-"&E80) -> F-LR-O01 | G80: Outlet right Front | H80: M20 | I80: =IF(ISBLANK(H80),"",VLOOKUP(H80,Breakers!$B$2:$C$44,2)) -> Main | J80: =CHAR(10004) -> ✔ | K80: =+M80+O80+Q80+S80+U80+W80+Y80 -> 0 | M80: {=IF(ISBLANK(L80),"",XLOOKUP(L80, DeviceWattagesTbl[Device], DeviceWattagesTbl[Power]))} | O80: {=IF(ISBLANK(N80),"",XLOOKUP(N80, DeviceWattagesTbl[Device], DeviceWattagesTbl[Power]))} | Q80: {=IF(ISBLANK(P80),"",XLOOKUP(P80, DeviceWattagesTbl[Device], DeviceWattagesTbl[Power]))} | S80: {=IF(ISBLANK(R80),"",XLOOKUP(R80, DeviceWattagesTbl[Device], DeviceWattagesTbl[Power]))} | U80: {=IF(ISBLANK(T80),"",XLOOKUP(T80, DeviceWattagesTbl[Device], DeviceWattagesTbl[Power]))} | W80: {=IF(ISBLANK(V80),"",XLOOKUP(V80, DeviceWattagesTbl[Device], DeviceWattagesTbl[Power]))} | Y80: {=IF(ISBLANK(X80),"",XLOOKUP(X80, DeviceWattagesTbl[Device], DeviceWattagesTbl[Power]))}
A81: F | B81: {=IF(ISBLANK(A81),"",XLOOKUP(A81, FloorsTbl[Floor], FloorsTbl[Floor name]))} -> First floor | C81: LR | D81: {=IF(ISBLANK(C81),"",XLOOKUP(C81, RoomsTbl[Room], RoomsTbl[Room Name]))} -> Living Room | E81: L03 | F81: =IF(ISBLANK(E81),"",A81&"-"&C81&"-"&E81) -> F-LR-L03 | G81: Dining track lighting | H81: M17 | I81: =IF(ISBLANK(H81),"",VLOOKUP(H81,Breakers!$B$2:$C$44,2)) -> Main | J81: =CHAR(10004) -> ✔ | K81: =+M81+O81+Q81+S81+U81+W81+Y81 -> 60 | L81: LED Track Dinning | M81: {=IF(ISBLANK(L81),"",XLOOKUP(L81, DeviceWattagesTbl[Device], DeviceWattagesTbl[Power]))} -> 60 | O81: {=IF(ISBLANK(N81),"",XLOOKUP(N81, DeviceWattagesTbl[Device], DeviceWattagesTbl[Power]))} | Q81: {=IF(ISBLANK(P81),"",XLOOKUP(P81, DeviceWattagesTbl[Device], DeviceWattagesTbl[Power]))} | S81: {=IF(ISBLANK(R81),"",XLOOKUP(R81, DeviceWattagesTbl[Device], DeviceWattagesTbl[Power]))} | U81: {=IF(ISBLANK(T81),"",XLOOKUP(T81, DeviceWattagesTbl[Device], DeviceWattagesTbl[Power]))} | W81: {=IF(ISBLANK(V81),"",XLOOKUP(V81, DeviceWattagesTbl[Device], DeviceWattagesTbl[Power]))} | Y81: {=IF(ISBLANK(X81),"",XLOOKUP(X81, DeviceWattagesTbl[Device], DeviceWattagesTbl[Power]))}
A82: F | B82: {=IF(ISBLANK(A82),"",XLOOKUP(A82, FloorsTbl[Floor], FloorsTbl[Floor name]))} -> First floor | C82: LR | D82: {=IF(ISBLANK(C82),"",XLOOKUP(C82, RoomsTbl[Room], RoomsTbl[Room Name]))} -> Living Room | E82: L02 | F82: =IF(ISBLANK(E82),"",A82&"-"&C82&"-"&E82) -> F-LR-L02 | G82: Track lighting | H82: M17 | I82: =IF(ISBLANK(H82),"",VLOOKUP(H82,Breakers!$B$2:$C$44,2)) -> Main | J82: =CHAR(10004) -> ✔ | K82: =+M82+O82+Q82+S82+U82+W82+Y82 -> 180 | L82: LED Track Grid | M82: {=IF(ISBLANK(L82),"",XLOOKUP(L82, DeviceWattagesTbl[Device], DeviceWattagesTbl[Power]))} -> 180 | O82: {=IF(ISBLANK(N82),"",XLOOKUP(N82, DeviceWattagesTbl[Device], DeviceWattagesTbl[Power]))} | Q82: {=IF(ISBLANK(P82),"",XLOOKUP(P82, DeviceWattagesTbl[Device], DeviceWattagesTbl[Power]))} | S82: {=IF(ISBLANK(R82),"",XLOOKUP(R82, DeviceWattagesTbl[Device], DeviceWattagesTbl[Power]))} | U82: {=IF(ISBLANK(T82),"",XLOOKUP(T82, DeviceWattagesTbl[Device], DeviceWattagesTbl[Power]))} | W82: {=IF(ISBLANK(V82),"",XLOOKUP(V82, DeviceWattagesTbl[Device], DeviceWattagesTbl[Power]))} | Y82: {=IF(ISBLANK(X82),"",XLOOKUP(X82, DeviceWattagesTbl[Device], DeviceWattagesTbl[Power]))}
A83: F | B83: {=IF(ISBLANK(A83),"",XLOOKUP(A83, FloorsTbl[Floor], FloorsTbl[Floor name]))} -> First floor | C83: LR | D83: {=IF(ISBLANK(C83),"",XLOOKUP(C83, RoomsTbl[Room], RoomsTbl[Room Name]))} -> Living Room | E83: L01 | F83: =IF(ISBLANK(E83),"",A83&"-"&C83&"-"&E83) -> F-LR-L01 | G83: Ceiling Led Grid | H83: M17 | I83: =IF(ISBLANK(H83),"",VLOOKUP(H83,Breakers!$B$2:$C$44,2)) -> Main | J83: =CHAR(10004) -> ✔ | K83: =+M83+O83+Q83+S83+U83+W83+Y83 -> 400 | L83: LED Grid | M83: {=IF(ISBLANK(L83),"",XLOOKUP(L83, DeviceWattagesTbl[Device], DeviceWattagesTbl[Power]))} -> 400 | O83: {=IF(ISBLANK(N83),"",XLOOKUP(N83, DeviceWattagesTbl[Device], DeviceWattagesTbl[Power]))} | Q83: {=IF(ISBLANK(P83),"",XLOOKUP(P83, DeviceWattagesTbl[Device], DeviceWattagesTbl[Power]))} | S83: {=IF(ISBLANK(R83),"",XLOOKUP(R83, DeviceWattagesTbl[Device], DeviceWattagesTbl[Power]))} | U83: {=IF(ISBLANK(T83),"",XLOOKUP(T83, DeviceWattagesTbl[Device], DeviceWattagesTbl[Power]))} | W83: {=IF(ISBLANK(V83),"",XLOOKUP(V83, DeviceWattagesTbl[Device], DeviceWattagesTbl[Power]))} | Y83: {=IF(ISBLANK(X83),"",XLOOKUP(X83, DeviceWattagesTbl[Device], DeviceWattagesTbl[Power]))}
A84: F | B84: {=IF(ISBLANK(A84),"",XLOOKUP(A84, FloorsTbl[Floor], FloorsTbl[Floor name]))} -> First floor | C84: Ki | D84: {=IF(ISBLANK(C84),"",XLOOKUP(C84, RoomsTbl[Room], RoomsTbl[Room Name]))} -> Kitchen | E84: ST | F84: =IF(ISBLANK(E84),"",A84&"-"&C84&"-"&E84) -> F-Ki-ST | G84: Stovetop | H84: M2+4 | I84: =IF(ISBLANK(H84),"",VLOOKUP(H84,Breakers!$B$2:$C$44,2)) -> Main | J84: =CHAR(10004) -> ✔ | K84: =+M84+O84+Q84+S84+U84+W84+Y84 -> 5000 | L84: Stovetop (conductive) | M84: {=IF(ISBLANK(L84),"",XLOOKUP(L84, DeviceWattagesTbl[Device], DeviceWattagesTbl[Power]))} -> 5000 | O84: {=IF(ISBLANK(N84),"",XLOOKUP(N84, DeviceWattagesTbl[Device], DeviceWattagesTbl[Power]))} | Q84: {=IF(ISBLANK(P84),"",XLOOKUP(P84, DeviceWattagesTbl[Device], DeviceWattagesTbl[Power]))} | S84: {=IF(ISBLANK(R84),"",XLOOKUP(R84, DeviceWattagesTbl[Device], DeviceWattagesTbl[Power]))} | U84: {=IF(ISBLANK(T84),"",XLOOKUP(T84, DeviceWattagesTbl[Device], DeviceWattagesTbl[Power]))} | W84: {=IF(ISBLANK(V84),"",XLOOKUP(V84, DeviceWattagesTbl[Device], DeviceWattagesTbl[Power]))} | Y84: {=IF(ISBLANK(X84),"",XLOOKUP(X84, DeviceWattagesTbl[Device], DeviceWattagesTbl[Power]))}
A85: F | B85: {=IF(ISBLANK(A85),"",XLOOKUP(A85, FloorsTbl[Floor], FloorsTbl[Floor name]))} -> First floor | C85: Ki | D85: {=IF(ISBLANK(C85),"",XLOOKUP(C85, RoomsTbl[Room], RoomsTbl[Room Name]))} -> Kitchen | E85: OV | F85: =IF(ISBLANK(E85),"",A85&"-"&C85&"-"&E85) -> F-Ki-OV | G85: Oven | H85: M2+4 | I85: =IF(ISBLANK(H85),"",VLOOKUP(H85,Breakers!$B$2:$C$44,2)) -> Main | J85: =CHAR(10004) -> ✔ | K85: =+M85+O85+Q85+S85+U85+W85+Y85 -> 4800 | L85: Oven | M85: {=IF(ISBLANK(L85),"",XLOOKUP(L85, DeviceWattagesTbl[Device], DeviceWattagesTbl[Power]))} -> 4800 | O85: {=IF(ISBLANK(N85),"",XLOOKUP(N85, DeviceWattagesTbl[Device], DeviceWattagesTbl[Power]))} | Q85: {=IF(ISBLANK(P85),"",XLOOKUP(P85, DeviceWattagesTbl[Device], DeviceWattagesTbl[Power]))} | S85: {=IF(ISBLANK(R85),"",XLOOKUP(R85, DeviceWattagesTbl[Device], DeviceWattagesTbl[Power]))} | U85: {=IF(ISBLANK(T85),"",XLOOKUP(T85, DeviceWattagesTbl[Device], DeviceWattagesTbl[Power]))} | W85: {=IF(ISBLANK(V85),"",XLOOKUP(V85, DeviceWattagesTbl[Device], DeviceWattagesTbl[Power]))} | Y85: {=IF(ISBLANK(X85),"",XLOOKUP(X85, DeviceWattagesTbl[Device], DeviceWattagesTbl[Power]))}
A86: F | B86: {=IF(ISBLANK(A86),"",XLOOKUP(A86, FloorsTbl[Floor], FloorsTbl[Floor name]))} -> First floor | C86: Ki | D86: {=IF(ISBLANK(C86),"",XLOOKUP(C86, RoomsTbl[Room], RoomsTbl[Room Name]))} -> Kitchen | E86: O11 | F86: =IF(ISBLANK(E86),"",A86&"-"&C86&"-"&E86) -> F-Ki-O11 | G86: Outlet stove left | H86: M13L | I86: =IF(ISBLANK(H86),"",VLOOKUP(H86,Breakers!$B$2:$C$44,2)) -> Main | J86: =CHAR(10004) -> ✔ | K86: =+M86+O86+Q86+S86+U86+W86+Y86 -> 120 | L86: Computer Small | M86: {=IF(ISBLANK(L86),"",XLOOKUP(L86, DeviceWattagesTbl[Device], DeviceWattagesTbl[Power]))} -> 120 | O86: {=IF(ISBLANK(N86),"",XLOOKUP(N86, DeviceWattagesTbl[Device], DeviceWattagesTbl[Power]))} | Q86: {=IF(ISBLANK(P86),"",XLOOKUP(P86, DeviceWattagesTbl[Device], DeviceWattagesTbl[Power]))} | S86: {=IF(ISBLANK(R86),"",XLOOKUP(R86, DeviceWattagesTbl[Device], DeviceWattagesTbl[Power]))} | U86: {=IF(ISBLANK(T86),"",XLOOKUP(T86, DeviceWattagesTbl[Device], DeviceWattagesTbl[Power]))} | W86: {=IF(ISBLANK(V86),"",XLOOKUP(V86, DeviceWattagesTbl[Device], DeviceWattagesTbl[Power]))} | Y86: {=IF(ISBLANK(X86),"",XLOOKUP(X86, DeviceWattagesTbl[Device], DeviceWattagesTbl[Power]))}
A87: F | B87: {=IF(ISBLANK(A87),"",XLOOKUP(A87, FloorsTbl[Floor], FloorsTbl[Floor name]))} -> First floor | C87: Ki | D87: {=IF(ISBLANK(C87),"",XLOOKUP(C87, RoomsTbl[Room], RoomsTbl[Room Name]))} -> Kitchen | E87: O10 | F87: =IF(ISBLANK(E87),"",A87&"-"&C87&"-"&E87) -> F-Ki-O10 | G87: Outlet stove middle | H87: M13L | I87: =IF(ISBLANK(H87),"",VLOOKUP(H87,Breakers!$B$2:$C$44,2)) -> Main | J87: =CHAR(10004) -> ✔ | K87: =+M87+O87+Q87+S87+U87+W87+Y87 -> 1500 | L87: Toaster Oven | M87: {=IF(ISBLANK(L87),"",XLOOKUP(L87, DeviceWattagesTbl[Device], DeviceWattagesTbl[Power]))} -> 1500 | O87: {=IF(ISBLANK(N87),"",XLOOKUP(N87, DeviceWattagesTbl[Device], DeviceWattagesTbl[Power]))} | Q87: {=IF(ISBLANK(P87),"",XLOOKUP(P87, DeviceWattagesTbl[Device], DeviceWattagesTbl[Power]))} | S87: {=IF(ISBLANK(R87),"",XLOOKUP(R87, DeviceWattagesTbl[Device], DeviceWattagesTbl[Power]))} | U87: {=IF(ISBLANK(T87),"",XLOOKUP(T87, DeviceWattagesTbl[Device], DeviceWattagesTbl[Power]))} | W87: {=IF(ISBLANK(V87),"",XLOOKUP(V87, DeviceWattagesTbl[Device], DeviceWattagesTbl[Power]))} | Y87: {=IF(ISBLANK(X87),"",XLOOKUP(X87, DeviceWattagesTbl[Device], DeviceWattagesTbl[Power]))}
A88: F | B88: {=IF(ISBLANK(A88),"",XLOOKUP(A88, FloorsTbl[Floor], FloorsTbl[Floor name]))} -> First floor | C88: Ki | D88: {=IF(ISBLANK(C88),"",XLOOKUP(C88, RoomsTbl[Room], RoomsTbl[Room Name]))} -> Kitchen | E88: O09 | F88: =IF(ISBLANK(E88),"",A88&"-"&C88&"-"&E88) -> F-Ki-O09 | G88: Outlet stove right | H88: M13L | I88: =IF(ISBLANK(H88),"",VLOOKUP(H88,Breakers!$B$2:$C$44,2)) -> Main | J88: =CHAR(10004) -> ✔ | K88: =+M88+O88+Q88+S88+U88+W88+Y88 -> 0 | M88: {=IF(ISBLANK(L88),"",XLOOKUP(L88, DeviceWattagesTbl[Device], DeviceWattagesTbl[Power]))} | O88: {=IF(ISBLANK(N88),"",XLOOKUP(N88, DeviceWattagesTbl[Device], DeviceWattagesTbl[Power]))} | Q88: {=IF(ISBLANK(P88),"",XLOOKUP(P88, DeviceWattagesTbl[Device], DeviceWattagesTbl[Power]))} | S88: {=IF(ISBLANK(R88),"",XLOOKUP(R88, DeviceWattagesTbl[Device], DeviceWattagesTbl[Power]))} | U88: {=IF(ISBLANK(T88),"",XLOOKUP(T88, DeviceWattagesTbl[Device], DeviceWattagesTbl[Power]))} | W88: {=IF(ISBLANK(V88),"",XLOOKUP(V88, DeviceWattagesTbl[Device], DeviceWattagesTbl[Power]))} | Y88: {=IF(ISBLANK(X88),"",XLOOKUP(X88, DeviceWattagesTbl[Device], DeviceWattagesTbl[Power]))}
A89: F | B89: {=IF(ISBLANK(A89),"",XLOOKUP(A89, FloorsTbl[Floor], FloorsTbl[Floor name]))} -> First floor | C89: Ki | D89: {=IF(ISBLANK(C89),"",XLOOKUP(C89, RoomsTbl[Room], RoomsTbl[Room Name]))} -> Kitchen | E89: O08 | F89: =IF(ISBLANK(E89),"",A89&"-"&C89&"-"&E89) -> F-Ki-O08 | G89: Outlet pantry top | H89: M17 | I89: =IF(ISBLANK(H89),"",VLOOKUP(H89,Breakers!$B$2:$C$44,2)) -> Main | J89: =CHAR(10004) -> ✔ | K89: =+M89+O89+Q89+S89+U89+W89+Y89 -> 0 | M89: {=IF(ISBLANK(L89),"",XLOOKUP(L89, DeviceWattagesTbl[Device], DeviceWattagesTbl[Power]))} | O89: {=IF(ISBLANK(N89),"",XLOOKUP(N89, DeviceWattagesTbl[Device], DeviceWattagesTbl[Power]))} | Q89: {=IF(ISBLANK(P89),"",XLOOKUP(P89, DeviceWattagesTbl[Device], DeviceWattagesTbl[Power]))} | S89: {=IF(ISBLANK(R89),"",XLOOKUP(R89, DeviceWattagesTbl[Device], DeviceWattagesTbl[Power]))} | U89: {=IF(ISBLANK(T89),"",XLOOKUP(T89, DeviceWattagesTbl[Device], DeviceWattagesTbl[Power]))} | W89: {=IF(ISBLANK(V89),"",XLOOKUP(V89, DeviceWattagesTbl[Device], DeviceWattagesTbl[Power]))} | Y89: {=IF(ISBLANK(X89),"",XLOOKUP(X89, DeviceWattagesTbl[Device], DeviceWattagesTbl[Power]))}
A90: F | B90: {=IF(ISBLANK(A90),"",XLOOKUP(A90, FloorsTbl[Floor], FloorsTbl[Floor name]))} -> First floor | C90: Ki | D90: {=IF(ISBLANK(C90),"",XLOOKUP(C90, RoomsTbl[Room], RoomsTbl[Room Name]))} -> Kitchen | E90: O07 | F90: =IF(ISBLANK(E90),"",A90&"-"&C90&"-"&E90) -> F-Ki-O07 | G90: Outlet fridge | H90: M9L | I90: =IF(ISBLANK(H90),"",VLOOKUP(H90,Breakers!$B$2:$C$44,2)) -> Main | J90: =CHAR(10004) -> ✔ | K90: =+M90+O90+Q90+S90+U90+W90+Y90 -> 960 | L90: Fridge Large | M90: {=IF(ISBLANK(L90),"",XLOOKUP(L90, DeviceWattagesTbl[Device], DeviceWattagesTbl[Power]))} -> 960 | O90: {=IF(ISBLANK(N90),"",XLOOKUP(N90, DeviceWattagesTbl[Device], DeviceWattagesTbl[Power]))} | Q90: {=IF(ISBLANK(P90),"",XLOOKUP(P90, DeviceWattagesTbl[Device], DeviceWattagesTbl[Power]))} | S90: {=IF(ISBLANK(R90),"",XLOOKUP(R90, DeviceWattagesTbl[Device], DeviceWattagesTbl[Power]))} | U90: {=IF(ISBLANK(T90),"",XLOOKUP(T90, DeviceWattagesTbl[Device], DeviceWattagesTbl[Power]))} | W90: {=IF(ISBLANK(V90),"",XLOOKUP(V90, DeviceWattagesTbl[Device], DeviceWattagesTbl[Power]))} | Y90: {=IF(ISBLANK(X90),"",XLOOKUP(X90, DeviceWattagesTbl[Device], DeviceWattagesTbl[Power]))}
A91: F | B91: {=IF(ISBLANK(A91),"",XLOOKUP(A91, FloorsTbl[Floor], FloorsTbl[Floor name]))} -> First floor | C91: Ki | D91: {=IF(ISBLANK(C91),"",XLOOKUP(C91, RoomsTbl[Room], RoomsTbl[Room Name]))} -> Kitchen | E91: O06 | F91: =IF(ISBLANK(E91),"",A91&"-"&C91&"-"&E91) -> F-Ki-O06 | G91: Outlet island right | H91: U12T | I91: =IF(ISBLANK(H91),"",VLOOKUP(H91,Breakers!$B$2:$C$44,2)) -> Utility Subpanel | J91: =CHAR(10004) -> ✔ | K91: =+M91+O91+Q91+S91+U91+W91+Y91 -> 0 | M91: {=IF(ISBLANK(L91),"",XLOOKUP(L91, DeviceWattagesTbl[Device], DeviceWattagesTbl[Power]))} | O91: {=IF(ISBLANK(N91),"",XLOOKUP(N91, DeviceWattagesTbl[Device], DeviceWattagesTbl[Power]))} | Q91: {=IF(ISBLANK(P91),"",XLOOKUP(P91, DeviceWattagesTbl[Device], DeviceWattagesTbl[Power]))} | S91: {=IF(ISBLANK(R91),"",XLOOKUP(R91, DeviceWattagesTbl[Device], DeviceWattagesTbl[Power]))} | U91: {=IF(ISBLANK(T91),"",XLOOKUP(T91, DeviceWattagesTbl[Device], DeviceWattagesTbl[Power]))} | W91: {=IF(ISBLANK(V91),"",XLOOKUP(V91, DeviceWattagesTbl[Device], DeviceWattagesTbl[Power]))} | Y91: {=IF(ISBLANK(X91),"",XLOOKUP(X91, DeviceWattagesTbl[Device], DeviceWattagesTbl[Power]))}
A92: F | B92: {=IF(ISBLANK(A92),"",XLOOKUP(A92, FloorsTbl[Floor], FloorsTbl[Floor name]))} -> First floor | C92: Ki | D92: {=IF(ISBLANK(C92),"",XLOOKUP(C92, RoomsTbl[Room], RoomsTbl[Room Name]))} -> Kitchen | E92: O05 | F92: =IF(ISBLANK(E92),"",A92&"-"&C92&"-"&E92) -> F-Ki-O05 | G92: Outlet island middle | H92: U12T | I92: =IF(ISBLANK(H92),"",VLOOKUP(H92,Breakers!$B$2:$C$44,2)) -> Utility Subpanel | J92: =CHAR(10004) -> ✔ | K92: =+M92+O92+Q92+S92+U92+W92+Y92 -> 0 | M92: {=IF(ISBLANK(L92),"",XLOOKUP(L92, DeviceWattagesTbl[Device], DeviceWattagesTbl[Power]))} | O92: {=IF(ISBLANK(N92),"",XLOOKUP(N92, DeviceWattagesTbl[Device], DeviceWattagesTbl[Power]))} | Q92: {=IF(ISBLANK(P92),"",XLOOKUP(P92, DeviceWattagesTbl[Device], DeviceWattagesTbl[Power]))} | S92: {=IF(ISBLANK(R92),"",XLOOKUP(R92, DeviceWattagesTbl[Device], DeviceWattagesTbl[Power]))} | U92: {=IF(ISBLANK(T92),"",XLOOKUP(T92, DeviceWattagesTbl[Device], DeviceWattagesTbl[Power]))} | W92: {=IF(ISBLANK(V92),"",XLOOKUP(V92, DeviceWattagesTbl[Device], DeviceWattagesTbl[Power]))} | Y92: {=IF(ISBLANK(X92),"",XLOOKUP(X92, DeviceWattagesTbl[Device], DeviceWattagesTbl[Power]))}
A93: F | B93: {=IF(ISBLANK(A93),"",XLOOKUP(A93, FloorsTbl[Floor], FloorsTbl[Floor name]))} -> First floor | C93: Ki | D93: {=IF(ISBLANK(C93),"",XLOOKUP(C93, RoomsTbl[Room], RoomsTbl[Room Name]))} -> Kitchen | E93: O04 | F93: =IF(ISBLANK(E93),"",A93&"-"&C93&"-"&E93) -> F-Ki-O04 | G93: Outlet island left | H93: U12T | I93: =IF(ISBLANK(H93),"",VLOOKUP(H93,Breakers!$B$2:$C$44,2)) -> Utility Subpanel | J93: =CHAR(10004) -> ✔ | K93: =+M93+O93+Q93+S93+U93+W93+Y93 -> 0 | M93: {=IF(ISBLANK(L93),"",XLOOKUP(L93, DeviceWattagesTbl[Device], DeviceWattagesTbl[Power]))} | O93: {=IF(ISBLANK(N93),"",XLOOKUP(N93, DeviceWattagesTbl[Device], DeviceWattagesTbl[Power]))} | Q93: {=IF(ISBLANK(P93),"",XLOOKUP(P93, DeviceWattagesTbl[Device], DeviceWattagesTbl[Power]))} | S93: {=IF(ISBLANK(R93),"",XLOOKUP(R93, DeviceWattagesTbl[Device], DeviceWattagesTbl[Power]))} | U93: {=IF(ISBLANK(T93),"",XLOOKUP(T93, DeviceWattagesTbl[Device], DeviceWattagesTbl[Power]))} | W93: {=IF(ISBLANK(V93),"",XLOOKUP(V93, DeviceWattagesTbl[Device], DeviceWattagesTbl[Power]))} | Y93: {=IF(ISBLANK(X93),"",XLOOKUP(X93, DeviceWattagesTbl[Device], DeviceWattagesTbl[Power]))}
A94: F | B94: {=IF(ISBLANK(A94),"",XLOOKUP(A94, FloorsTbl[Floor], FloorsTbl[Floor name]))} -> First floor | C94: Ki | D94: {=IF(ISBLANK(C94),"",XLOOKUP(C94, RoomsTbl[Room], RoomsTbl[Room Name]))} -> Kitchen | E94: O03 | F94: =IF(ISBLANK(E94),"",A94&"-"&C94&"-"&E94) -> F-Ki-O03 | G94: Outlet right | H94: M10L | I94: =IF(ISBLANK(H94),"",VLOOKUP(H94,Breakers!$B$2:$C$44,2)) -> Main | J94: =CHAR(10004) -> ✔ | K94: =+M94+O94+Q94+S94+U94+W94+Y94 -> 0 | M94: {=IF(ISBLANK(L94),"",XLOOKUP(L94, DeviceWattagesTbl[Device], DeviceWattagesTbl[Power]))} | O94: {=IF(ISBLANK(N94),"",XLOOKUP(N94, DeviceWattagesTbl[Device], DeviceWattagesTbl[Power]))} | Q94: {=IF(ISBLANK(P94),"",XLOOKUP(P94, DeviceWattagesTbl[Device], DeviceWattagesTbl[Power]))} | S94: {=IF(ISBLANK(R94),"",XLOOKUP(R94, DeviceWattagesTbl[Device], DeviceWattagesTbl[Power]))} | U94: {=IF(ISBLANK(T94),"",XLOOKUP(T94, DeviceWattagesTbl[Device], DeviceWattagesTbl[Power]))} | W94: {=IF(ISBLANK(V94),"",XLOOKUP(V94, DeviceWattagesTbl[Device], DeviceWattagesTbl[Power]))} | Y94: {=IF(ISBLANK(X94),"",XLOOKUP(X94, DeviceWattagesTbl[Device], DeviceWattagesTbl[Power]))}
A95: F | B95: {=IF(ISBLANK(A95),"",XLOOKUP(A95, FloorsTbl[Floor], FloorsTbl[Floor name]))} -> First floor | C95: Ki | D95: {=IF(ISBLANK(C95),"",XLOOKUP(C95, RoomsTbl[Room], RoomsTbl[Room Name]))} -> Kitchen | E95: O02 | F95: =IF(ISBLANK(E95),"",A95&"-"&C95&"-"&E95) -> F-Ki-O02 | G95: Outlet back left | H95: M10L | I95: =IF(ISBLANK(H95),"",VLOOKUP(H95,Breakers!$B$2:$C$44,2)) -> Main | J95: =CHAR(10004) -> ✔ | K95: =+M95+O95+Q95+S95+U95+W95+Y95 -> 2100 | L95: Coffee Grinder | M95: {=IF(ISBLANK(L95),"",XLOOKUP(L95, DeviceWattagesTbl[Device], DeviceWattagesTbl[Power]))} -> 300 | N95: Water Boiler Kettle (electric) | O95: {=IF(ISBLANK(N95),"",XLOOKUP(N95, DeviceWattagesTbl[Device], DeviceWattagesTbl[Power]))} -> 1800 | Q95: {=IF(ISBLANK(P95),"",XLOOKUP(P95, DeviceWattagesTbl[Device], DeviceWattagesTbl[Power]))} | S95: {=IF(ISBLANK(R95),"",XLOOKUP(R95, DeviceWattagesTbl[Device], DeviceWattagesTbl[Power]))} | U95: {=IF(ISBLANK(T95),"",XLOOKUP(T95, DeviceWattagesTbl[Device], DeviceWattagesTbl[Power]))} | W95: {=IF(ISBLANK(V95),"",XLOOKUP(V95, DeviceWattagesTbl[Device], DeviceWattagesTbl[Power]))} | Y95: {=IF(ISBLANK(X95),"",XLOOKUP(X95, DeviceWattagesTbl[Device], DeviceWattagesTbl[Power]))}
A96: F | B96: {=IF(ISBLANK(A96),"",XLOOKUP(A96, FloorsTbl[Floor], FloorsTbl[Floor name]))} -> First floor | C96: Ki | D96: {=IF(ISBLANK(C96),"",XLOOKUP(C96, RoomsTbl[Room], RoomsTbl[Room Name]))} -> Kitchen | E96: O01 | F96: =IF(ISBLANK(E96),"",A96&"-"&C96&"-"&E96) -> F-Ki-O01 | G96: Outlet left | H96: M10L | I96: =IF(ISBLANK(H96),"",VLOOKUP(H96,Breakers!$B$2:$C$44,2)) -> Main | J96: =CHAR(10004) -> ✔ | K96: =+M96+O96+Q96+S96+U96+W96+Y96 -> 0 | M96: {=IF(ISBLANK(L96),"",XLOOKUP(L96, DeviceWattagesTbl[Device], DeviceWattagesTbl[Power]))} | O96: {=IF(ISBLANK(N96),"",XLOOKUP(N96, DeviceWattagesTbl[Device], DeviceWattagesTbl[Power]))} | Q96: {=IF(ISBLANK(P96),"",XLOOKUP(P96, DeviceWattagesTbl[Device], DeviceWattagesTbl[Power]))} | S96: {=IF(ISBLANK(R96),"",XLOOKUP(R96, DeviceWattagesTbl[Device], DeviceWattagesTbl[Power]))} | U96: {=IF(ISBLANK(T96),"",XLOOKUP(T96, DeviceWattagesTbl[Device], DeviceWattagesTbl[Power]))} | W96: {=IF(ISBLANK(V96),"",XLOOKUP(V96, DeviceWattagesTbl[Device], DeviceWattagesTbl[Power]))} | Y96: {=IF(ISBLANK(X96),"",XLOOKUP(X96, DeviceWattagesTbl[Device], DeviceWattagesTbl[Power]))}
A97: F | B97: {=IF(ISBLANK(A97),"",XLOOKUP(A97, FloorsTbl[Floor], FloorsTbl[Floor name]))} -> First floor | C97: Ki | D97: {=IF(ISBLANK(C97),"",XLOOKUP(C97, RoomsTbl[Room], RoomsTbl[Room Name]))} -> Kitchen | E97: MW | F97: =IF(ISBLANK(E97),"",A97&"-"&C97&"-"&E97) -> F-Ki-MW | G97: Microwave | H97: M19L | I97: =IF(ISBLANK(H97),"",VLOOKUP(H97,Breakers!$B$2:$C$44,2)) -> Main | J97: =CHAR(10004) -> ✔ | K97: =+M97+O97+Q97+S97+U97+W97+Y97 -> 0 | M97: {=IF(ISBLANK(L97),"",XLOOKUP(L97, DeviceWattagesTbl[Device], DeviceWattagesTbl[Power]))} | O97: {=IF(ISBLANK(N97),"",XLOOKUP(N97, DeviceWattagesTbl[Device], DeviceWattagesTbl[Power]))} | Q97: {=IF(ISBLANK(P97),"",XLOOKUP(P97, DeviceWattagesTbl[Device], DeviceWattagesTbl[Power]))} | S97: {=IF(ISBLANK(R97),"",XLOOKUP(R97, DeviceWattagesTbl[Device], DeviceWattagesTbl[Power]))} | U97: {=IF(ISBLANK(T97),"",XLOOKUP(T97, DeviceWattagesTbl[Device], DeviceWattagesTbl[Power]))} | W97: {=IF(ISBLANK(V97),"",XLOOKUP(V97, DeviceWattagesTbl[Device], DeviceWattagesTbl[Power]))} | Y97: {=IF(ISBLANK(X97),"",XLOOKUP(X97, DeviceWattagesTbl[Device], DeviceWattagesTbl[Power]))}
A98: F | B98: {=IF(ISBLANK(A98),"",XLOOKUP(A98, FloorsTbl[Floor], FloorsTbl[Floor name]))} -> First floor | C98: Ki | D98: {=IF(ISBLANK(C98),"",XLOOKUP(C98, RoomsTbl[Room], RoomsTbl[Room Name]))} -> Kitchen | E98: L08 | F98: =IF(ISBLANK(E98),"",A98&"-"&C98&"-"&E98) -> F-Ki-L08 | G98: Lights under round top | H98: U12T | I98: =IF(ISBLANK(H98),"",VLOOKUP(H98,Breakers!$B$2:$C$44,2)) -> Utility Subpanel | J98: =CHAR(10004) -> ✔ | K98: =+M98+O98+Q98+S98+U98+W98+Y98 -> 30 | L98: LED Lamp | M98: {=IF(ISBLANK(L98),"",XLOOKUP(L98, DeviceWattagesTbl[Device], DeviceWattagesTbl[Power]))} -> 30 | O98: {=IF(ISBLANK(N98),"",XLOOKUP(N98, DeviceWattagesTbl[Device], DeviceWattagesTbl[Power]))} | Q98: {=IF(ISBLANK(P98),"",XLOOKUP(P98, DeviceWattagesTbl[Device], DeviceWattagesTbl[Power]))} | S98: {=IF(ISBLANK(R98),"",XLOOKUP(R98, DeviceWattagesTbl[Device], DeviceWattagesTbl[Power]))} | U98: {=IF(ISBLANK(T98),"",XLOOKUP(T98, DeviceWattagesTbl[Device], DeviceWattagesTbl[Power]))} | W98: {=IF(ISBLANK(V98),"",XLOOKUP(V98, DeviceWattagesTbl[Device], DeviceWattagesTbl[Power]))} | Y98: {=IF(ISBLANK(X98),"",XLOOKUP(X98, DeviceWattagesTbl[Device], DeviceWattagesTbl[Power]))}
A99: F | B99: {=IF(ISBLANK(A99),"",XLOOKUP(A99, FloorsTbl[Floor], FloorsTbl[Floor name]))} -> First floor | C99: Ki | D99: {=IF(ISBLANK(C99),"",XLOOKUP(C99, RoomsTbl[Room], RoomsTbl[Room Name]))} -> Kitchen | E99: L07 | F99: =IF(ISBLANK(E99),"",A99&"-"&C99&"-"&E99) -> F-Ki-L07 | G99: Lights under cabinet | H99: M17 | I99: =IF(ISBLANK(H99),"",VLOOKUP(H99,Breakers!$B$2:$C$44,2)) -> Main | J99: =CHAR(10004) -> ✔ | K99: =+M99+O99+Q99+S99+U99+W99+Y99 -> 30 | L99: LED Lamp | M99: {=IF(ISBLANK(L99),"",XLOOKUP(L99, DeviceWattagesTbl[Device], DeviceWattagesTbl[Power]))} -> 30 | O99: {=IF(ISBLANK(N99),"",XLOOKUP(N99, DeviceWattagesTbl[Device], DeviceWattagesTbl[Power]))} | Q99: {=IF(ISBLANK(P99),"",XLOOKUP(P99, DeviceWattagesTbl[Device], DeviceWattagesTbl[Power]))} | S99: {=IF(ISBLANK(R99),"",XLOOKUP(R99, DeviceWattagesTbl[Device], DeviceWattagesTbl[Power]))} | U99: {=IF(ISBLANK(T99),"",XLOOKUP(T99, DeviceWattagesTbl[Device], DeviceWattagesTbl[Power]))} | W99: {=IF(ISBLANK(V99),"",XLOOKUP(V99, DeviceWattagesTbl[Device], DeviceWattagesTbl[Power]))} | Y99: {=IF(ISBLANK(X99),"",XLOOKUP(X99, DeviceWattagesTbl[Device], DeviceWattagesTbl[Power]))}
A100: F | B100: {=IF(ISBLANK(A100),"",XLOOKUP(A100, FloorsTbl[Floor], FloorsTbl[Floor name]))} -> First floor | C100: Ki | D100: {=IF(ISBLANK(C100),"",XLOOKUP(C100, RoomsTbl[Room], RoomsTbl[Room Name]))} -> Kitchen | E100: L06 | F100: =IF(ISBLANK(E100),"",A100&"-"&C100&"-"&E100) -> F-Ki-L06 | G100: Lights pantry | H100: M9L | I100: =IF(ISBLANK(H100),"",VLOOKUP(H100,Breakers!$B$2:$C$44,2)) -> Main | J100: =CHAR(10004) -> ✔ | K100: =+M100+O100+Q100+S100+U100+W100+Y100 -> 60 | L100: LED Lamp | M100: {=IF(ISBLANK(L100),"",XLOOKUP(L100, DeviceWattagesTbl[Device], DeviceWattagesTbl[Power]))} -> 30 | N100: LED Lamp | O100: {=IF(ISBLANK(N100),"",XLOOKUP(N100, DeviceWattagesTbl[Device], DeviceWattagesTbl[Power]))} -> 30 | Q100: {=IF(ISBLANK(P100),"",XLOOKUP(P100, DeviceWattagesTbl[Device], DeviceWattagesTbl[Power]))} | S100: {=IF(ISBLANK(R100),"",XLOOKUP(R100, DeviceWattagesTbl[Device], DeviceWattagesTbl[Power]))} | U100: {=IF(ISBLANK(T100),"",XLOOKUP(T100, DeviceWattagesTbl[Device], DeviceWattagesTbl[Power]))} | W100: {=IF(ISBLANK(V100),"",XLOOKUP(V100, DeviceWattagesTbl[Device], DeviceWattagesTbl[Power]))} | Y100: {=IF(ISBLANK(X100),"",XLOOKUP(X100, DeviceWattagesTbl[Device], DeviceWattagesTbl[Power]))}
...

Sheet Device Wattages
A1: Device | B1: Volts | C1: Amps | D1: Phase | E1: Power | F1: HP | G1: Description
A2: AC Unit 1st/2nd floor | B2: 240
A3: AC Unit basement
A4: AC Unit mini-split
A5: Band Saw - Harvey HW615P | B5: 240 | C5: 16 | D5: Single | E5: =C5*B5 -> 3840 | F5: 3
A6: Bathroom Light/Fan | B6: 120 | D6: Single | E6: 70
A7: Ceiling Fan | B7: 120 | C7: 2 | D7: Single | E7: 80 | G7: For typical DC Ceiling Fan with 1800 Lumen LED light
A8: Clothes Dryer | B8: 240 | C8: 30 | E8: =C8*B8 -> 7200
A9: Coffee Grinder | B9: 120 | C9: 2.5 | E9: =C9*B9 -> 300
A10: Computer Large | B10: 120 | C10: 2 | D10: Single | E10: =B10*C10 -> 240
A11: Computer Small | B11: 120 | C11: 1 | D11: Single | E11: =B11*C11 -> 120
A12: Dishwasher | B12: 120 | C12: 10 | D12: Single | E12: =C12*B12 -> 1200
A13: Drill Press | B13: 120 | C13: 8 | D13: Single | E13: =C13*B13 -> 960
A14: Dust Collection Jet DC650 | B14: 120 | C14: 7 | D14: Single | E14: =C14*B14 -> 840 | F14: 1
A15: Festool Track Saw | B15: 120 | C15: 10 | D15: Single | E15: =C15*B15 -> 1200
A16: Fridge Large | B16: 120 | C16: 8 | E16: =C16*B16 -> 960
A17: Fridge Small | B17: 120 | C17: 7 | E17: =C17*B17 -> 840
A18: Garage Door Opener | B18: 120 | C18: 2.5 | D18: Single | E18: =C18*B18 -> 300
A19: Gas Furnace | B19: 120 | C19: 15 | E19: =C19*B19 -> 1800
A20: Gas Water Heater | B20: 120 | C20: 20 | E20: =C20*B20 -> 2400
A21: Halogen Light | E21: 60
A22: Heat Pump Basement | B22: 240 | C22: 15 | E22: =C22*B22 -> 3600
A23: Heat Pump First Floor | B23: 240 | C23: 15 | E23: =C23*B23 -> 3600 | G23: TODO: Look up power
A24: Heat Pump Attic | B24: 240 | C24: 15 | E24: =C24*B24 -> 3600 | G24: TODO: Look up power
A25: Heat Pump Mini Split | B25: 240 | C25: 15 | E25: =C25*B25 -> 3600 | G25: TODO: Look up power
A26: Hot Tub - Blower | B26: 120 | C26: 9.5 | D26: Single | E26: =C26*B26 -> 1140 | F26: 1.5
A27: Hot Tub - Heater | B27: 120 | C27: 12 | D27: Single | E27: =C27*B27 -> 1440
A28: Incand Lamp 60 | B28: 120 | D28: Single | E28: 60
A29: Ipad | E29: 20
A30: LED Grid | B30: 120 | D30: Single | E30: 400
A31: LED Lamp | B31: 120 | D31: Single | E31: 30
A32: LED Light Panels 35K | B32: 120 | D32: Single | E32: 250
A33: LED Super Bright Light | B33: 120 | D33: Single | E33: 200 | G33: TODO - Look these lamps power up. Current value is a guess
A34: LED Track Dinning | B34: 120 | D34: Single | E34: 60
A35: LED Track Grid | B35: 120 | D35: Single | E35: 180
A36: LED TV 37" | B36: 120 | D36: Single | E36: 44
A37: LED TV 42" | B37: 120 | D37: Single | E37: 57
A38: LED TV 60" | B38: 120 | D38: Single | E38: 88
A39: Light Switch | B39: 120 | C39: 0 | D39: Single | E39: =C39*B39 -> 0 | G39: Light switch carrys nearly no load
A40: Mac Mini | B40: 120 | D40: Single | E40: 60
A41: Microwave | B41: 120 | D41: Single | E41: 1500
A42: Mitre Saw Dewalt DWS716XPS | B42: 120 | C42: 15 | D42: Single | E42: =C42*B42 -> 1800
A43: Oven | B43: 240 | C43: 20 | E43: =C43*B43 -> 4800
A44: Phone | E44: 20
A45: Router Bora PM-6200 | B45: 120 | C45: 15 | D45: Single | E45: =C45*B45 -> 1800 | F45: 3.25
A46: Stereo | B46: 120 | D46: Single | E46: 200
A47: Stovetop (conductive) | B47: 120 | D47: Single | E47: 5000
A48: Stovetop (inductive) | B48: 120 | D48: Single | E48: 5000
A49: Table Saw - SawStop PCS175 120 | B49: 120 | C49: 14 | D49: Single | E49: =C49*B49 -> 1680 | F49: 1.75
A50: Table Saw - SawStop PCS175 240 | B50: 240 | C50: 7 | D50: Single | E50: =C50*B50 -> 1680 | F50: 1.75
A51: Thickness Planer Dewalt | B51: 120 | C51: 15 | D51: Single | E51: =C51*B51 -> 1800 | F51: 2.2
A52: Toaster Oven | B52: 120 | C52: 12.5 | D52: Single | E52: =C52*B52 -> 1500
A53: Toto Toilet Seat | B53: 120 | D53: Single | E53: 1000
A54: Washing Machine | B54: 120 | C54: 10 | D54: Single | E54: =C54*B54 -> 1200 | G54: Kenmore Elite Mod 110.24962301; SER CR4412188; Type: 111 https://lis-content.prod.nextgen.shs.com/lis_pdf/OWNM/L0401318.pdf
A55: Water Boiler Kettle (electric) | B55: 120 | C55: 15 | D55: Single | E55: =C55*B55 -> 1800

Sheet Breakers
A1: Breaker Box | B1: Breaker Name | C1: Breaker Box Name | D1: Breaker | E1: Amps | F1: Power Total | G1: Device list
A2: ? | B2: ? | C2: =VLOOKUP(A2,breaker_boxes,2) -> ? | D2: ? | E2: 0 | F2: =IFERROR(__xludf.DUMMYFUNCTION("sum(filter('Electrical Items'!$F$2:$F$179,'Electrical Items'!$H$2:$H$179=A2))"),0.0) -> 0 | G2: =IFERROR(__xludf.DUMMYFUNCTION("join("", "",filter('Electrical Items'!$F$2:$F$179,'Electrical Items'!$H$2:$H$179=B2))"),"T-BR-F01, B-UR-WH, B-UR-Fu") -> T-BR-F01, B-UR-WH, B-UR-Fu
A3: M | B3: =A3&D3 -> M1+3 | C3: {=XLOOKUP(A3, BreakerBoxesTbl[Breaker Box], BreakerBoxesTbl[Breaker Box Name])} -> Main | D3: 1+3 | E3: 0 | G3: =IFERROR(__xludf.DUMMYFUNCTION("join("", "",filter('Electrical Items'!$F$2:$F$179,'Electrical Items'!$H$2:$H$179=B3))"),"#N/A") -> #N/A
A4: M | B4: =A4&D4 -> M10L | C4: {=XLOOKUP(A4, BreakerBoxesTbl[Breaker Box], BreakerBoxesTbl[Breaker Box Name])} -> Main | D4: 10L | E4: 15 | G4: =IFERROR(__xludf.DUMMYFUNCTION("join("", "",filter('Electrical Items'!$F$2:$F$179,'Electrical Items'!$H$2:$H$179=B4))"),"F-Ki-O03, F-Ki-O02, F-Ki-O01, F-D-O03") -> F-Ki-O03, F-Ki-O02, F-Ki-O01, F-D-O03
A5: M | B5: =A5&D5 -> M10R | C5: {=XLOOKUP(A5, BreakerBoxesTbl[Breaker Box], BreakerBoxesTbl[Breaker Box Name])} -> Main | D5: 10R | E5: 15 | G5: =IFERROR(__xludf.DUMMYFUNCTION("join("", "",filter('Electrical Items'!$F$2:$F$179,'Electrical Items'!$H$2:$H$179=B5))"),"#N/A") -> #N/A
A6: M | B6: =A6&D6 -> M11L | C6: {=XLOOKUP(A6, BreakerBoxesTbl[Breaker Box], BreakerBoxesTbl[Breaker Box Name])} -> Main | D6: 11L | E6: 15 | G6: =IFERROR(__xludf.DUMMYFUNCTION("join("", "",filter('Electrical Items'!$F$2:$F$179,'Electrical Items'!$H$2:$H$179=B6))"),"F-H-O04, F-H-O03, F-H-O02") -> F-H-O04, F-H-O03, F-H-O02
A7: M | B7: =A7&D7 -> M11R | C7: {=XLOOKUP(A7, BreakerBoxesTbl[Breaker Box], BreakerBoxesTbl[Breaker Box Name])} -> Main | D7: 11R | E7: 15 | G7: =IFERROR(__xludf.DUMMYFUNCTION("join("", "",filter('Electrical Items'!$F$2:$F$179,'Electrical Items'!$H$2:$H$179=B7))"),"T-BR-O07, T-BR-O06, T-BR-O05, T-BR-O04, T-BR-O03, T-BR-O02, T-BR-L01, T-BR-O01") -> T-BR-O07, T-BR-O06, T-BR-O05, T-BR-O04, T-BR-O03, T-BR-O02, T-BR-L01, T-BR-O01
A8: M | B8: =A8&D8 -> M12L | C8: {=XLOOKUP(A8, BreakerBoxesTbl[Breaker Box], BreakerBoxesTbl[Breaker Box Name])} -> Main | D8: 12L | E8: 15 | G8: =IFERROR(__xludf.DUMMYFUNCTION("join("", "",filter('Electrical Items'!$F$2:$F$179,'Electrical Items'!$H$2:$H$179=B8))"),"T-La-O02") -> T-La-O02
A9: M | B9: =A9&D9 -> M12R | C9: {=XLOOKUP(A9, BreakerBoxesTbl[Breaker Box], BreakerBoxesTbl[Breaker Box Name])} -> Main | D9: 12R | E9: 15 | G9: =IFERROR(__xludf.DUMMYFUNCTION("join("", "",filter('Electrical Items'!$F$2:$F$179,'Electrical Items'!$H$2:$H$179=B9))"),"#N/A") -> #N/A
A10: M | B10: =A10&D10 -> M13L | C10: {=XLOOKUP(A10, BreakerBoxesTbl[Breaker Box], BreakerBoxesTbl[Breaker Box Name])} -> Main | D10: 13L | E10: 15 | G10: =IFERROR(__xludf.DUMMYFUNCTION("join("", "",filter('Electrical Items'!$F$2:$F$179,'Electrical Items'!$H$2:$H$179=B10))"),"F-Ki-O11, F-Ki-O10, F-Ki-O09") -> F-Ki-O11, F-Ki-O10, F-Ki-O09
A11: M | B11: =A11&D11 -> M13R | C11: {=XLOOKUP(A11, BreakerBoxesTbl[Breaker Box], BreakerBoxesTbl[Breaker Box Name])} -> Main | D11: 13R | E11: 15 | G11: =IFERROR(__xludf.DUMMYFUNCTION("join("", "",filter('Electrical Items'!$F$2:$F$179,'Electrical Items'!$H$2:$H$179=B11))"),"F-PR-O03, F-PR-O02, F-PR-O01") -> F-PR-O03, F-PR-O02, F-PR-O01
A12: M | B12: =A12&D12 -> M14L | C12: {=XLOOKUP(A12, BreakerBoxesTbl[Breaker Box], BreakerBoxesTbl[Breaker Box Name])} -> Main | D12: 14L | E12: 15 | G12: =IFERROR(__xludf.DUMMYFUNCTION("join("", "",filter('Electrical Items'!$F$2:$F$179,'Electrical Items'!$H$2:$H$179=B12))"),"T-Ha-O01, T-Ha-L01, T-Mx-O05, T-Mx-O04, T-Mx-O03, T-Mx-O02, T-Mx-O01, T-Mx-L01, T-Th-L01") -> T-Ha-O01, T-Ha-L01, T-Mx-O05, T-Mx-O04, T-Mx-O03, T-Mx-O02, T-Mx-O01, T-Mx-L01, T-Th-L01
A13: M | B13: =A13&D13 -> M14R | C13: {=XLOOKUP(A13, BreakerBoxesTbl[Breaker Box], BreakerBoxesTbl[Breaker Box Name])} -> Main | D13: 14R | E13: 15 | G13: =IFERROR(__xludf.DUMMYFUNCTION("join("", "",filter('Electrical Items'!$F$2:$F$179,'Electrical Items'!$H$2:$H$179=B13))"),"T-BR-CF01, T-BR-LS01, T-BR-LS02, T-BR-L01, T-La-L01, T-Th-O05, T-Th-O04, T-Th-O03, T-Th-O02, T-Th-O01, F-Ki-LS03, F-Ki-L03") -> T-BR-CF01, T-BR-LS01, T-BR-LS02, T-BR-L01, T-La-L01, T-Th-O05, T-Th-O04, T-Th-O03, T-Th-O02, T-Th-O01, F-Ki-LS03, F-Ki-L03
A14: M | B14: =A14&D14 -> M15L | C14: {=XLOOKUP(A14, BreakerBoxesTbl[Breaker Box], BreakerBoxesTbl[Breaker Box Name])} -> Main | D14: 15L | E14: 15 | G14: =IFERROR(__xludf.DUMMYFUNCTION("join("", "",filter('Electrical Items'!$F$2:$F$179,'Electrical Items'!$H$2:$H$179=B14))"),"F-Ki-DW, B-UR-L01, B-Ab-F01") -> F-Ki-DW, B-UR-L01, B-Ab-F01
A15: M | B15: =A15&D15 -> M15R | C15: {=XLOOKUP(A15, BreakerBoxesTbl[Breaker Box], BreakerBoxesTbl[Breaker Box Name])} -> Main | D15: 15R | E15: 15 | G15: =IFERROR(__xludf.DUMMYFUNCTION("join("", "",filter('Electrical Items'!$F$2:$F$179,'Electrical Items'!$H$2:$H$179=B15))"),"#N/A") -> #N/A
A16: M | B16: =A16&D16 -> M16L | C16: {=XLOOKUP(A16, BreakerBoxesTbl[Breaker Box], BreakerBoxesTbl[Breaker Box Name])} -> Main | D16: 16L | E16: 15 | G16: =IFERROR(__xludf.DUMMYFUNCTION("join("", "",filter('Electrical Items'!$F$2:$F$179,'Electrical Items'!$H$2:$H$179=B16))"),"#N/A") -> #N/A
A17: M | B17: =A17&D17 -> M16R | C17: {=XLOOKUP(A17, BreakerBoxesTbl[Breaker Box], BreakerBoxesTbl[Breaker Box Name])} -> Main | D17: 16R | E17: 15 | G17: =IFERROR(__xludf.DUMMYFUNCTION("join("", "",filter('Electrical Items'!$F$2:$F$179,'Electrical Items'!$H$2:$H$179=B17))"),"#N/A") -> #N/A
A18: M | B18: =A18&D18 -> M17L | C18: {=XLOOKUP(A18, BreakerBoxesTbl[Breaker Box], BreakerBoxesTbl[Breaker Box Name])} -> Main | D18: 17L | E18: 15 | G18: =IFERROR(__xludf.DUMMYFUNCTION("join("", "",filter('Electrical Items'!$F$2:$F$179,'Electrical Items'!$H$2:$H$179=B18))"),"#N/A") -> #N/A
A19: M | B19: =A19&D19 -> M17R | C19: {=XLOOKUP(A19, BreakerBoxesTbl[Breaker Box], BreakerBoxesTbl[Breaker Box Name])} -> Main | D19: 17R | E19: 15 | G19: =IFERROR(__xludf.DUMMYFUNCTION("join("", "",filter('Electrical Items'!$F$2:$F$179,'Electrical Items'!$H$2:$H$179=B19))"),"#N/A") -> #N/A
A20: M | B20: =A20&D20 -> M18L | C20: {=XLOOKUP(A20, BreakerBoxesTbl[Breaker Box], BreakerBoxesTbl[Breaker Box Name])} -> Main | D20: 18L | E20: 15 | G20: =IFERROR(__xludf.DUMMYFUNCTION("join("", "",filter('Electrical Items'!$F$2:$F$179,'Electrical Items'!$H$2:$H$179=B20))"),"#N/A") -> #N/A
A21: M | B21: =A21&D21 -> M18R | C21: {=XLOOKUP(A21, BreakerBoxesTbl[Breaker Box], BreakerBoxesTbl[Breaker Box Name])} -> Main | D21: 18R | E21: 15 | G21: =IFERROR(__xludf.DUMMYFUNCTION("join("", "",filter('Electrical Items'!$F$2:$F$179,'Electrical Items'!$H$2:$H$179=B21))"),"#N/A") -> #N/A
A22: M | B22: =A22&D22 -> M19L | C22: {=XLOOKUP(A22, BreakerBoxesTbl[Breaker Box], BreakerBoxesTbl[Breaker Box Name])} -> Main | D22: 19L | E22: 15 | G22: =IFERROR(__xludf.DUMMYFUNCTION("join("", "",filter('Electrical Items'!$F$2:$F$179,'Electrical Items'!$H$2:$H$179=B22))"),"F-Ki-MW") -> F-Ki-MW
A23: M | B23: =A23&D23 -> M19R | C23: {=XLOOKUP(A23, BreakerBoxesTbl[Breaker Box], BreakerBoxesTbl[Breaker Box Name])} -> Main | D23: 19R | E23: 15 | G23: =IFERROR(__xludf.DUMMYFUNCTION("join("", "",filter('Electrical Items'!$F$2:$F$179,'Electrical Items'!$H$2:$H$179=B23))"),"T-Ba-O01, T-Ba-L01, T-GB-O02, T-GB-O01, T-GB-L10, T-Ha-L02, T-Ma-O07, T-Ma-O06, T-Ma-O05, T-Ma-O04, T-Ma-O03, T-Ma-O02, T-Ma-O01, T-Ma-L03, T-Ma-L02, T-Ma-L01, T-Ma-F01, T-MB-LF01, T-MB-L02, T-MB-L02, T-MB-L01, T-Wi-O06, T-Wi-O05, T-Wi-O04, T-Wi-O03, T-Wi"&"-O02, T-Wi-O01, T-Wi-L02, T-Wi-L01") -> T-Ba-O01, T-Ba-L01, T-GB-O02, T-GB-O01, T-GB-L10, T-Ha-L02, T-Ma-O07, T-Ma-O06, T-Ma-O05, T-Ma-O04, T-Ma-O03, T-Ma-O02, T-Ma-O01, T-Ma-L03, T-Ma-L02, T-Ma-L01, T-Ma-F01, T-MB-LF01, T-MB-L02, T-MB-L02, T-MB-L01, T-Wi-O06, T-Wi-O05, T-Wi-O04, T-Wi-O03, T-Wi-O02, T-Wi-O01, T-Wi-L02, T-Wi-L01
A24: M | B24: =A24&D24 -> M2+4 | C24: {=XLOOKUP(A24, BreakerBoxesTbl[Breaker Box], BreakerBoxesTbl[Breaker Box Name])} -> Main | D24: 2+4 | E24: 100 | G24: =IFERROR(__xludf.DUMMYFUNCTION("join("", "",filter('Electrical Items'!$F$2:$F$179,'Electrical Items'!$H$2:$H$179=B24))"),"F-Ki-ST, F-Ki-OV") -> F-Ki-ST, F-Ki-OV
A25: M | B25: =A25&D25 -> M20L | C25: {=XLOOKUP(A25, BreakerBoxesTbl[Breaker Box], BreakerBoxesTbl[Breaker Box Name])} -> Main | D25: 20L | E25: 20 | G25: =IFERROR(__xludf.DUMMYFUNCTION("join("", "",filter('Electrical Items'!$F$2:$F$179,'Electrical Items'!$H$2:$H$179=B25))"),"#N/A") -> #N/A
A26: M | B26: =A26&D26 -> M20R | C26: {=XLOOKUP(A26, BreakerBoxesTbl[Breaker Box], BreakerBoxesTbl[Breaker Box Name])} -> Main | D26: 20R | E26: 20 | G26: =IFERROR(__xludf.DUMMYFUNCTION("join("", "",filter('Electrical Items'!$F$2:$F$179,'Electrical Items'!$H$2:$H$179=B26))"),"#N/A") -> #N/A
A27: M | B27: =A27&D27 -> M5+7 | C27: {=XLOOKUP(A27, BreakerBoxesTbl[Breaker Box], BreakerBoxesTbl[Breaker Box Name])} -> Main | D27: 5+7 | E27: 0 | G27: =IFERROR(__xludf.DUMMYFUNCTION("join("", "",filter('Electrical Items'!$F$2:$F$179,'Electrical Items'!$H$2:$H$179=B27))"),"T-La-O01") -> T-La-O01
A28: M | B28: =A28&D28 -> M6+8 | C28: {=XLOOKUP(A28, BreakerBoxesTbl[Breaker Box], BreakerBoxesTbl[Breaker Box Name])} -> Main | D28: 6+8 | E28: 0 | G28: =IFERROR(__xludf.DUMMYFUNCTION("join("", "",filter('Electrical Items'!$F$2:$F$179,'Electrical Items'!$H$2:$H$179=B28))"),"#N/A") -> #N/A
A29: M | B29: =A29&D29 -> M9L | C29: {=XLOOKUP(A29, BreakerBoxesTbl[Breaker Box], BreakerBoxesTbl[Breaker Box Name])} -> Main | D29: 9L | E29: 15 | G29: =IFERROR(__xludf.DUMMYFUNCTION("join("", "",filter('Electrical Items'!$F$2:$F$179,'Electrical Items'!$H$2:$H$179=B29))"),"F-Ki-O07, F-Ki-L06, F-Ki-L04") -> F-Ki-O07, F-Ki-L06, F-Ki-L04
A30: M | B30: =A30&D30 -> M9R | C30: {=XLOOKUP(A30, BreakerBoxesTbl[Breaker Box], BreakerBoxesTbl[Breaker Box Name])} -> Main | D30: 9R | E30: 15 | G30: =IFERROR(__xludf.DUMMYFUNCTION("join("", "",filter('Electrical Items'!$F$2:$F$179,'Electrical Items'!$H$2:$H$179=B30))"),"#N/A") -> #N/A
A31: U | B31: =A31&D31 -> U1+3 | C31: {=XLOOKUP(A31, 'Breaker boxes'!$A$2:$A$4, 'Breaker boxes'!$B$2:$B$4)} -> Utility Subpanel | D31: 1+3 | E31: 30 | G31: =IFERROR(__xludf.DUMMYFUNCTION("join("", "",filter('Electrical Items'!$F$2:$F$179,'Electrical Items'!$H$2:$H$179=B31))"),"#N/A") -> #N/A
A32: U | B32: =A32&D32 -> U10B | C32: =VLOOKUP(A32,breaker_boxes,2) -> Utility Subpanel | D32: 10B | E32: 15 | G32: =IFERROR(__xludf.DUMMYFUNCTION("join("", "",filter('Electrical Items'!$F$2:$F$179,'Electrical Items'!$H$2:$H$179=B32))"),"B-UR-O02, B-UR-O01, B-Ab-O09") -> B-UR-O02, B-UR-O01, B-Ab-O09
A33: U | B33: =A33&D33 -> U10T | C33: =VLOOKUP(A33,breaker_boxes,2) -> Utility Subpanel | D33: 10T | E33: 15 | G33: =IFERROR(__xludf.DUMMYFUNCTION("join("", "",filter('Electrical Items'!$F$2:$F$179,'Electrical Items'!$H$2:$H$179=B33))"),"B-UC-O02, B-UC-O01, B-UC-L01, B-S-O10, B-S-O09, B-Ab-O08, B-Ab-O07, B-Ab-O06, B-Ab-O05, B-Ab-O04, B-Ab-O03, B-Ab-O02, B-Ab-L01") -> B-UC-O02, B-UC-O01, B-UC-L01, B-S-O10, B-S-O09, B-Ab-O08, B-Ab-O07, B-Ab-O06, B-Ab-O05, B-Ab-O04, B-Ab-O03, B-Ab-O02, B-Ab-L01
A34: U | B34: =A34&D34 -> U11B | C34: =VLOOKUP(A34,breaker_boxes,2) -> Utility Subpanel | D34: 11B | E34: 15 | G34: =IFERROR(__xludf.DUMMYFUNCTION("join("", "",filter('Electrical Items'!$F$2:$F$179,'Electrical Items'!$H$2:$H$179=B34))"),"#N/A") -> #N/A
A35: U | B35: =A35&D35 -> U11T | C35: =VLOOKUP(A35,breaker_boxes,2) -> Utility Subpanel | D35: 11T | E35: 15 | G35: =IFERROR(__xludf.DUMMYFUNCTION("join("", "",filter('Electrical Items'!$F$2:$F$179,'Electrical Items'!$H$2:$H$179=B35))"),"#N/A") -> #N/A
A36: U | B36: =A36&D36 -> U12B | C36: =VLOOKUP(A36,breaker_boxes,2) -> Utility Subpanel | D36: 12B | E36: 15 | G36: =IFERROR(__xludf.DUMMYFUNCTION("join("", "",filter('Electrical Items'!$F$2:$F$179,'Electrical Items'!$H$2:$H$179=B36))"),"T-MB-O03, T-MB-O02, T-MB-O01, B-S-O02, B-S-O01, B-S-L01, B-Ab-O01, B-Ab-B-O01, B-Ab-B-LF01, B-Ab-B-L01") -> T-MB-O03, T-MB-O02, T-MB-O01, B-S-O02, B-S-O01, B-S-L01, B-Ab-O01, B-Ab-B-O01, B-Ab-B-LF01, B-Ab-B-L01
A37: U | B37: =A37&D37 -> U12T | C37: =VLOOKUP(A37,breaker_boxes,2) -> Utility Subpanel | D37: 12T | E37: 15 | G37: =IFERROR(__xludf.DUMMYFUNCTION("join("", "",filter('Electrical Items'!$F$2:$F$179,'Electrical Items'!$H$2:$H$179=B37))"),"F-Ki-O06, F-Ki-O05, F-Ki-O04, F-Ki-L08, B-Ab-L02") -> F-Ki-O06, F-Ki-O05, F-Ki-O04, F-Ki-L08, B-Ab-L02
A38: U | B38: =A38&D38 -> U2+4 | C38: =VLOOKUP(A38,breaker_boxes,2) -> Utility Subpanel | D38: 2+4 | E38: 30 | G38: =IFERROR(__xludf.DUMMYFUNCTION("join("", "",filter('Electrical Items'!$F$2:$F$179,'Electrical Items'!$H$2:$H$179=B38))"),"B-Ab-ST") -> B-Ab-ST
A39: U | B39: =A39&D39 -> U5 | C39: =VLOOKUP(A39,breaker_boxes,2) -> Utility Subpanel | D39: 5 | E39: 15 | G39: =IFERROR(__xludf.DUMMYFUNCTION("join("", "",filter('Electrical Items'!$F$2:$F$179,'Electrical Items'!$H$2:$H$179=B39))"),"#N/A") -> #N/A
A40: U | B40: =A40&D40 -> U6B | C40: =VLOOKUP(A40,breaker_boxes,2) -> Utility Subpanel | D40: 6B | E40: 15 | G40: =IFERROR(__xludf.DUMMYFUNCTION("join("", "",filter('Electrical Items'!$F$2:$F$179,'Electrical Items'!$H$2:$H$179=B40))"),"B-UR-O01, B-A-O02") -> B-UR-O01, B-A-O02
A41: U | B41: =A41&D41 -> U6T | C41: =VLOOKUP(A41,breaker_boxes,2) -> Utility Subpanel | D41: 6T | E41: 15 | G41: =IFERROR(__xludf.DUMMYFUNCTION("join("", "",filter('Electrical Items'!$F$2:$F$179,'Electrical Items'!$H$2:$H$179=B41))"),"B-Ab-O10, B-Ab-MW") -> B-Ab-O10, B-Ab-MW
A42: U | B42: =A42&D42 -> U7 | C42: =VLOOKUP(A42,breaker_boxes,2) -> Utility Subpanel | D42: 7 | E42: 15 | G42: =IFERROR(__xludf.DUMMYFUNCTION("join("", "",filter('Electrical Items'!$F$2:$F$179,'Electrical Items'!$H$2:$H$179=B42))"),"#N/A") -> #N/A
A43: U | B43: =A43&D43 -> U8B | C43: =VLOOKUP(A43,breaker_boxes,2) -> Utility Subpanel | D43: 8B | E43: 15 | G43: =IFERROR(__xludf.DUMMYFUNCTION("join("", "",filter('Electrical Items'!$F$2:$F$179,'Electrical Items'!$H$2:$H$179=B43))"),"B-Pa-L02, B-Ab-O12") -> B-Pa-L02, B-Ab-O12
A44: U | B44: =A44&D44 -> U8T | C44: =VLOOKUP(A44,breaker_boxes,2) -> Utility Subpanel | D44: 8T | E44: 15 | G44: =IFERROR(__xludf.DUMMYFUNCTION("join("", "",filter('Electrical Items'!$F$2:$F$179,'Electrical Items'!$H$2:$H$179=B44))"),"B-Ab-O11") -> B-Ab-O11
A45: U | B45: =A45&D45 -> U9+11 | C45: =VLOOKUP(A45,breaker_boxes,2) -> Utility Subpanel | D45: 9+11 | E45: 60 | G45: =IFERROR(__xludf.DUMMYFUNCTION("join("", "",filter('Electrical Items'!$F$2:$F$179,'Electrical Items'!$H$2:$H$179=B45))"),"#N/A") -> #N/A

Sheet Rooms
A1: Room | B1: Room Name | C1: Floor | D1: Floor Name
A2: Ab | B2: Abuelita's bedroom | C2: B | D2: {=XLOOKUP(C2, FloorsTbl[Floor], FloorsTbl[Floor name])} -> Basement
A3: At | B3: Attic | C3: A | D3: {=XLOOKUP(C3, FloorsTbl[Floor], FloorsTbl[Floor name])} -> Attic
A4: Ax | B4: Auxillary | C4: B | D4: {=XLOOKUP(C4, FloorsTbl[Floor], FloorsTbl[Floor name])} -> Basement
A5: B | B5: Abuelita's Bathroom | C5: B | D5: {=XLOOKUP(C5, FloorsTbl[Floor], FloorsTbl[Floor name])} -> Basement
A6: Ba | B6: Balcony | C6: T | D6: {=XLOOKUP(C6, FloorsTbl[Floor], FloorsTbl[Floor name])} -> Top floor
A7: BB | B7: Bonus Bathroom | C7: T | D7: {=XLOOKUP(C7, FloorsTbl[Floor], FloorsTbl[Floor name])} -> Top floor
A8: BR | B8: Bonus Room | C8: T | D8: {=XLOOKUP(C8, FloorsTbl[Floor], FloorsTbl[Floor name])} -> Top floor
A9: Dk | B9: Deck | C9: F | D9: {=XLOOKUP(C9, FloorsTbl[Floor], FloorsTbl[Floor name])} -> First floor
A10: Ga | B10: Garage | C10: F | D10: {=XLOOKUP(C10, FloorsTbl[Floor], FloorsTbl[Floor name])} -> First floor
A11: GB | B11: Guest Bathroom | C11: T | D11: {=XLOOKUP(C11, FloorsTbl[Floor], FloorsTbl[Floor name])} -> Top floor
A12: Ha | B12: Hallway | C12: T | D12: {=XLOOKUP(C12, FloorsTbl[Floor], FloorsTbl[Floor name])} -> Top floor
A13: Ki | B13: Kitchen | C13: F | D13: {=XLOOKUP(C13, FloorsTbl[Floor], FloorsTbl[Floor name])} -> First floor
... A31: Wi | B31: William's bedroom | C31: T | D31: {=XLOOKUP(C31, FloorsTbl[Floor], FloorsTbl[Floor name])} -> Top floor

Sheet Floors
A1: Floor | B1: Floor name | C1: Level
A2: A | B2: Attic | C2: 4
A3: B | B3: Basement | C3: 1
A4: F | B4: First floor | C4: 2
A5: G | B5: Ground/Outside | C5: 0
A6: T | B6: Top floor | C6: 3

Sheet Breaker boxes
A1: Breaker Box | B1: Breaker Box Name | C1: Panel Image
A2: ? | B2: ?
A3: M | B3: Main
A4: U | B4: Utility Subpanel
